video_uid,file_size_mb,duration_sec,fps,width,height,video_source
000a3525-6c98-4650-aaab-be7d2c7b9402,43.814225,21.43,30.0,1920.0,1440.0,cmu
000cd456-ff8d-499b-b0c1-4acead128a8b,244.010466,958.1,30.0,1920.0,1440.0,bristol
002ad105-bd9a-4858-953e-54e88dc7587e,122.084903,1063.2,30.0,1440.0,1080.0,kaust
002c3b5c-ed86-4af3-99a1-4b497b7c8a86,655.684357,2757.97,30.0,1440.0,1080.0,kaust
002d2729-df71-438d-8396-5895b349e8fd,718.253558,3571.4,30.0,1440.0,1080.0,kaust
0031d268-818c-4ec4-a804-935be610a61a,934.619482,1987.93,30.0,1920.0,1440.0,cmu
0091e812-f56f-4bd9-ad65-019fc97c1ffe,824.487722,1896.98,30.0,1920.0,1440.0,bristol
00c450a5-49d0-4647-a45c-bf214cea169d,1065.454974,1800.0,30.0,1920.0,1080.0,minnesota
0123d797-c17d-42db-8268-53150a0641ad,21.324727,176.1,30.0,1440.0,1080.0,unict
015bc651-e0fe-440e-a10d-68406c548c5a,330.529404,2228.69,30.0,1440.0,1080.0,unict
016bfe72-74ef-4956-9cc9-7a7ad2f6ab48,685.328589,1800.13,30.0,1920.0,1080.0,minnesota
01ce4fd6-197a-4792-8778-775b03780369,99.750667,148.82,30.0,1920.0,1440.0,bristol
01db7c39-a512-4bac-b284-dff8c7360e80,3606.94841,684.4,30.0,1920.0,1440.0,cmu
01e63d7a-e0e9-480c-a75c-90ec00709928,40.752558,570.6,30.0,1440.0,1080.0,kaust
020f30ad-0a70-4aaf-835b-fb394830b06c,27.362935,196.37,30.0,1440.0,1080.0,unict
023bf95e-28de-43b4-a43f-720edba667a5,444.47647,982.67,30.0,1920.0,1080.0,minnesota
024713b7-b198-4502-a114-02ca0485353b,508.591051,1063.47,30.0,1920.0,1440.0,bristol
0252c4ef-712a-466f-b655-2a701764fbdb,408.563589,528.43,30.0,1920.0,1440.0,cmu
026dac2d-2ab3-4f9c-9e1d-6198db4fb080,48.787211,122.57,30.0,1920.0,1080.0,minnesota
02877cad-35c5-423b-8e93-11cf79fe4b31,3155.306305,1220.4,30.0,1920.0,1440.0,bristol
02953bf3-4b5b-45ea-8339-465ed47a9337,13.289227,40.4,30.0,1920.0,1080.0,minnesota
02995fb6-f8ac-4168-a60d-8a0b1a7210bd,1922.680445,1057.03,30.0,1440.0,1080.0,unict
029eeb9a-8853-48a4-a1dc-e8868b58adf3,392.501178,585.07,30.0,2560.0,1920.0,cmu
029ff9ab-ac4c-43a5-ae53-153228c52a21,242.894371,722.43,30.0,1920.0,1080.0,minnesota
02a06bf1-51b8-4902-b088-573e29fcd7ec,74.367791,289.17,30.0,1440.0,1080.0,iiith
02cf2e59-26be-43be-a4d9-7d6cbcfd0898,1529.334593,3584.9,30.0,1920.0,1440.0,bristol
02d1f024-1470-4ce6-acde-b938f7847eb6,1800.843683,1267.26,30.0,1920.0,1080.0,unict
030c7542-09a7-42a1-a406-05ad4f397341,55.900275,123.26,30.0,1440.0,1080.0,iiith
033520cd-e7e4-4649-b551-83bb451a4802,296.156413,481.4,30.0,1440.0,1080.0,kaust
035eb249-9923-41ec-9f59-3b131c12bb1f,439.891715,2074.36,30.0,1920.0,1080.0,nus
03634630-7d25-4d31-aeda-b9747f09034d,50.052393,675.23,30.0,1440.0,1080.0,kaust
0377792b-7b1e-4d67-86fd-f50c9257ea85,265.495944,1221.1,30.0,1440.0,1080.0,unict
03acb84e-6cb8-487c-b413-630bcbf9f406,143.973838,1788.13,30.0,1440.0,1080.0,unict
03be7d83-7394-45b9-9f36-b55ad721aee1,65.661029,489.63,30.0,1440.0,1080.0,unict
03d4c383-b80e-4095-9328-c964f2803a26,24.614463,43.57,30.0,1920.0,1080.0,minnesota
03e12aff-3e22-4922-af0f-cb188c284b2e,180.800979,621.14,30.0,1920.0,1080.0,unict
03e90bbc-7d6b-423c-84d9-b5be3eff11c5,710.81267,1283.53,30.0,1920.0,1080.0,minnesota
03f4405c-9ed4-4b91-b87d-ccc8f6e126d6,185.145142,943.43,30.0,2560.0,1920.0,cmu
03f46720-8327-4215-ba56-5d739f6795ef,1653.349994,569.37,30.0,2560.0,1920.0,cmu
03f5b0be-94ac-4d22-9c30-7bf0456ccf0e,2100.992148,2313.69,30.0,1920.0,1440.0,bristol
03febedb-2ce4-465b-9f51-953a81609d56,85.054147,279.47,30.0,1920.0,1080.0,minnesota
04041aaa-d309-42db-b65c-dcaf86b9f96c,469.916604,470.77,30.0,2560.0,1920.0,cmu_africa
041b9423-9695-45cb-bc58-266af7f91039,11.044886,98.53,30.0,1440.0,1080.0,unict
043323ee-0ef9-4e6e-be31-c964bc3ea999,888.166242,3183.73,30.0,1920.0,1080.0,frl_track_1_public
046855d7-41d7-4f41-a6a7-fce921ea8133,393.698203,423.13,30.0,1920.0,1080.0,minnesota
0475a0b9-9445-4083-8c6a-42f0171ff3e4,1458.417605,3540.29,30.0,1920.0,1080.0,frl_track_1_public
047c5e54-444f-463e-b677-be38e706a9ea,315.147909,737.07,30.0,1440.0,1080.0,unict
04994ce8-9d47-44d6-a7b0-42b395e69390,783.565326,1474.57,30.0,2560.0,1440.0,cmu
049cfb89-3bcc-4fa3-8d0e-4e7e218b05ae,303.996548,664.8,30.0,1920.0,1080.0,minnesota
04ac4c40-22fd-42aa-a7f0-ee597ffb7058,902.948422,5424.6,30.0,1440.0,1080.0,kaust
04ad2853-5cb4-4c17-8bb5-a0ea7e99e4ab,54.22556,297.56,30.0,1920.0,1080.0,bristol
04fe8f4d-081e-437e-a56a-2d53b6233fc9,881.984724,5290.36,30.0,1440.0,1080.0,iiith
050e156a-fbad-45a7-8db5-2241cf7fb306,507.405877,1902.3,30.0,1920.0,1080.0,nus
053ca9bc-4822-4573-b04e-aea0c1ae97df,37.038789,52.86,30.0,1920.0,1440.0,utokyo
054992d4-aa9a-4904-8699-3ecf422e0312,29.091752,147.47,30.0,1440.0,1080.0,unict
055ba601-c243-4d4a-8a2c-694a5c88824c,333.102715,1062.07,30.0,1440.0,1080.0,kaust
055f3cf1-1133-4260-b5a0-31e7ca1726a1,702.564956,1378.33,30.0,1920.0,1440.0,bristol
057670b3-f243-416c-b41b-82d309fd2b88,63.965927,365.43,30.0,1440.0,1080.0,kaust
05a6d5f7-e1d5-4af3-9ae8-f07d0ac12657,1098.031341,2784.83,30.0,1440.0,1080.0,kaust
05b8b906-b9c5-48b4-be27-c91b5c28f92b,165.470138,284.3,30.0,1920.0,1080.0,minnesota
05d231ed-7457-441f-b8ff-1393576989bc,99.091699,410.17,30.0,1920.0,1440.0,bristol
05df8f7c-48cb-434b-9cdc-e27d37a92900,405.664157,1070.71,30.0,1920.0,1440.0,bristol
05e8b510-0973-4cbd-9a23-bf2c156b7958,942.280092,473.7,30.0,1440.0,1080.0,unict
05f672ea-1651-4767-9c8a-0f504805e9c7,64.246796,785.83,30.0,1440.0,1080.0,unict
0616a658-adaf-4a2f-b0cf-40d5858162e3,202.465357,1531.3,30.0,1440.0,1080.0,unict
061df4a0-dbe4-4c05-bb44-e7cdc6b235c9,48.412573,136.4,30.0,1440.0,1080.0,unict
062ded0e-1df8-42d1-adaa-fc948e1cd7de,1319.503246,4068.13,30.0,1440.0,1080.0,kaust
06456897-960d-4d0c-8ce2-cd50a5a57bc3,10111.192466,3130.87,30.0,1920.0,1440.0,bristol
06532156-65f9-4b7d-b40c-552267e2f480,77.236015,123.13,30.0,1440.0,1080.0,kaust
0677b703-0443-4cf3-9d51-19dcb2b3f06d,192.501279,2221.5,30.0,1440.0,1080.0,unict
068c3c6b-fbbc-486f-bc4c-f56e26448a09,513.680113,708.01,30.0,1920.0,1440.0,utokyo
06bb2e99-5112-4987-ac5b-9fd52bb144d0,36.328568,102.89,30.0,1440.0,1080.0,iiith
06cf946b-4713-4ca2-addf-55ce95a26d98,461.53102,1406.38,30.0,1440.0,1080.0,iiith
06ddd32b-c698-4686-a0ee-322ef353b280,1618.454042,791.1,30.0,1920.0,1440.0,cmu
06df3251-8d22-4ea0-8d0a-0ae4760d771f,239.522087,959.53,30.0,1920.0,1080.0,unict
07287862-edf9-45d8-a33b-853943d3aae5,858.774223,3690.27,30.0,1440.0,1080.0,kaust
07309684-1f6e-4977-ab74-f3e63c361f36,314.722769,589.23,30.0,1920.0,1080.0,minnesota
0755c2cb-eb91-4e44-aac6-19b5237befd5,115.268207,253.47,30.0,1440.0,1080.0,unict
076991b3-4241-43ac-8c2c-a18c988f5684,428.771369,871.8,30.0,2560.0,1920.0,cmu_africa
07884569-3860-4a20-8c85-278eefbd678e,370.927694,1168.51,30.0,1920.0,1440.0,bristol
078b33d5-2f4c-40a1-b710-cdd368a19ff0,302.883276,884.1,30.0,1440.0,1080.0,kaust
078f6bad-aa22-48bf-9df2-4d2f6ba7b556,2873.531544,586.17,30.0,2560.0,1920.0,cmu
07b1c874-9dc1-42bc-87ff-dffa9bef14fb,691.169854,5409.87,30.0,1440.0,1080.0,unict
07b357ce-0bce-4d5e-b7ab-c16f1d4c7de6,497.325361,1049.23,30.0,1920.0,1440.0,bristol
080657b3-7f23-4285-96ec-39136e58cdf1,9.391981,23.97,30.0,1920.0,1440.0,cmu
082db032-f3f2-408b-a116-84d62f673915,2287.231941,4051.62,30.0,1440.0,1080.0,iiith
0831d387-a359-427c-832d-b306f4720f45,53.557911,219.82,30.0,1920.0,1080.0,unict
0836e1a4-11e6-4b31-bd39-f8e083fdadb3,703.013595,3046.63,30.0,1440.0,1080.0,unict
088add57-cf62-4ddd-9908-7eb738b0ec22,339.698035,3131.32,30.0,1440.0,1080.0,iiith
089359b2-bab1-40c4-bddb-cd9bbf47c931,96.167954,224.32,30.0,1440.0,1080.0,iiith
08938799-8318-4541-a6c6-22d4db408e67,4413.405989,1789.67,30.0,2560.0,1920.0,cmu
089a5df8-49b1-4494-86b6-2a87dcaa4d50,76.318953,236.27,30.0,2560.0,1920.0,cmu
08d94a5d-7c4b-4b1c-af12-c1ceb53c51c8,330.439914,1619.9,30.0,1920.0,1080.0,unict
08f5fcdf-c038-4e1f-a1e9-b5939900feba,151.466434,1219.23,30.0,1440.0,1080.0,kaust
0928af96-a3fd-4930-9bc1-2fa43d01bb53,472.556873,1122.93,30.0,1920.0,1440.0,bristol
094bb63c-2050-4471-88eb-de3b86c26c81,267.448162,669.27,30.0,1920.0,1440.0,utokyo
0963bd23-604b-4e7b-8ae0-19471c4b72ee,1316.490195,2126.1,30.0,1920.0,1080.0,uniandes
09690df3-0715-4875-8745-7e8830c761d0,5817.282103,3905.1,30.0,1920.0,1080.0,uniandes
096ae42f-c861-45bc-ae7a-6f1f1746d228,722.159998,4021.64,30.0,1440.0,1080.0,kaust
0971527a-6cd3-4c82-9d94-09b3565f4505,110.803802,656.73,30.0,1440.0,1080.0,unict
099f6f96-5aa7-4da8-a5e0-2e8bc03beee6,759.997074,1312.96,30.0,1920.0,1440.0,bristol
09a00f4b-e661-42a8-ad45-c5e9f5ff0ff6,332.928437,1228.53,30.0,1440.0,1080.0,unict
09b861da-bcff-41d5-b3b9-0d25ad712fad,175.081747,472.7,30.0,1440.0,1080.0,kaust
09bccca1-368b-4776-9433-3c8835837110,254.42652,309.4,30.0,1920.0,1440.0,utokyo
09c98c4f-dc2a-429b-8afa-624211cd4bfd,74.008205,662.1,30.0,1440.0,1080.0,kaust
09f2bc9c-f1e7-465d-ab5f-d5bdaeb4fb20,99.525203,321.4,30.0,1440.0,1080.0,unict
09fe2f2d-7d90-4d7d-9dcd-baec4704f4cc,2970.291159,6521.2,30.0,1920.0,1080.0,uniandes
0a01978c-e16d-4587-95f1-49efa3ab15d9,453.205406,2236.3,30.0,1440.0,1080.0,kaust
0a02a1ed-a327-4753-b270-e95298984b96,614.244926,1711.3,30.0,1920.0,1440.0,cmu
0a09f8fc-ff87-4210-b682-d2ae38af33eb,1034.203794,966.87,30.0,1440.0,1080.0,unict
0a4dded4-0ee3-4c9d-b13e-f9f2fa85dfa3,471.524466,642.47,30.0,2560.0,1920.0,cmu
0a76a002-ec78-4f91-b4b1-0c9f4a9ab8e5,2559.128288,4933.49,30.0,1920.0,1080.0,iiith
0a7c1b9a-6c98-4f74-a8ad-3f06689d0146,14.179741,28.93,30.0,1920.0,1440.0,cmu
0a90656a-eac8-49fa-a253-78f5626c8d5c,108.400661,508.67,30.0,1440.0,1080.0,kaust
0ae6293e-eda5-44f7-b56e-e8f27fcde953,84.136318,161.9,30.0,1920.0,1440.0,bristol
0aec2b0c-18e1-453b-a6ed-e484698d41df,877.967955,2893.69,30.0,1440.0,1080.0,iiith
0afbf08b-09a5-4c15-a85a-5ebf88866443,125.335411,1045.53,30.0,1440.0,1080.0,kaust
0b22b43c-f57e-4f4f-8840-3ca0bf086b9c,334.274392,1784.2,30.0,1920.0,1440.0,bristol
0b245a61-32d6-4b14-897c-724adad5b231,2320.588525,706.97,30.0,2560.0,1920.0,cmu
0b24eb9e-a5ae-4389-b2cd-11fbf88e9c4a,106.282354,461.67,30.0,1440.0,1080.0,unict
0b38da1c-2b62-4c05-a68e-e8f2aafa47a8,972.618424,1525.77,30.0,2560.0,1920.0,cmu
0b530687-26d8-4c9d-9771-c758ecd2ecbf,17326.37813,16971.6,30.0,1920.0,1080.0,uniandes
0b6fc89d-bf4b-44f3-82e7-67ee02517459,110.849552,151.64,30.0,1920.0,1440.0,utokyo
0b70ed1e-c914-4de0-b748-5c808b254152,770.543814,1800.13,30.0,1920.0,1080.0,minnesota
0b8a87ed-07f2-4434-adde-a1c88f4bb30f,68.969713,177.2,30.0,1440.0,1080.0,unict
0b8bba27-40f4-4c13-8513-17666c1361d1,172.381743,422.3,30.0,1920.0,1440.0,cmu
0ba47c77-96fe-4930-b167-340e62ab851c,391.491962,708.03,30.0,1920.0,1440.0,utokyo
0be30efe-9d71-4698-8304-f1d441aeea58,301.986993,773.9,30.0,1440.0,1080.0,unict
0c09032d-2139-41fe-8f76-21f33bbebf31,230.134801,1062.5,30.0,2560.0,1920.0,cmu
0c0ec306-2554-42fe-a744-cd1fec78f689,22.97951,54.47,30.0,1920.0,1440.0,utokyo
0c192ca8-1ede-4ef0-a05e-2f4151b6bdfc,27.552531,282.97,30.0,1440.0,1080.0,unict
0c2a22d4-8f77-4558-b8f2-2efad1bda1f8,3.238344,59.53,30.0,1440.0,1080.0,kaust
0c3db5fa-23e0-4311-ad4e-72a70ad29700,258.65185,378.5,30.0,2560.0,1920.0,cmu
0c7c9f06-9ddd-46df-83c2-20c8edcf1a9b,229.01206,2126.27,30.0,2560.0,1920.0,cmu_africa
0c8c2f4b-a006-47ca-8826-133af1dfb632,183.698701,160.97,30.0,1440.0,1080.0,unict
0ca15932-2ede-4802-8f8d-68555c68c0b8,486.83179,1058.07,30.0,1440.0,1080.0,iiith
0cb2dd94-afb1-4e30-a62f-724f34d81777,521.309382,754.9,30.0,1440.0,1080.0,unict
0cb95a59-008a-4087-b8dc-2299ded5617d,211.470273,280.87,30.0,1440.0,1080.0,unict
0cd3698b-9f75-4a43-a8b3-a3bd25b9dc52,5982.530837,3344.9,30.0,2560.0,1920.0,cmu
0ce20f1b-104c-48aa-a957-75f772238639,19.21972,287.9,30.0,1440.0,1080.0,kaust
0d06eef8-db05-441e-b8bd-9087d4279ed5,249.858314,679.93,30.0,1440.0,1080.0,kaust
0d1b2c6a-e71a-4aa1-8a40-2c877b34aa73,129.623313,301.8,30.0,1920.0,1440.0,bristol
0d2d5c6d-08e6-461f-baac-a6cbf467e86f,453.375093,689.9,30.0,2560.0,1920.0,cmu_africa
0d572bb4-543a-4fa2-afce-876f854a559a,180.621715,1058.07,30.0,1440.0,1080.0,iiith
0d807e15-cf55-4038-83c4-d064a9ec2b46,141.771392,708.03,30.0,1920.0,1440.0,utokyo
0d8a3e5c-4263-4f80-b32d-39d4f33008ba,307.479941,1328.67,30.0,1920.0,1440.0,bristol
0db480f6-57f4-4dec-a609-000abf1bf7de,53.159415,284.9,30.0,1440.0,1080.0,unict
0dbabadf-c3d5-4e98-bb20-ce9d930c2474,408.322436,991.43,30.0,1920.0,1440.0,bristol
0dd042a0-b5be-4057-b23e-13937480a759,1155.190607,1363.57,30.0,1920.0,1080.0,minnesota
0ddfd541-8b2a-45fe-b68e-bcea0d7d03b8,338.624066,1776.56,30.0,1920.0,1080.0,nus
0de39e75-fb19-47d4-818d-fff874b05ab9,272.419164,1031.7,30.0,1920.0,1440.0,bristol
0e0d6704-1c6c-4a62-bc97-cc55658cf8ac,805.498878,5265.97,30.0,1440.0,1080.0,unict
0e254242-9a2b-453a-a9d5-24313f3a50af,432.301784,1800.0,30.0,1920.0,1080.0,minnesota
0e285926-42b9-4207-92ba-251c3b8988cd,12.191107,46.0,30.0,1440.0,1080.0,unict
0e2cb44b-37ef-4c3f-882d-a85ee706fbbe,391.289132,2367.83,30.0,1440.0,1080.0,iiith
0e3ee603-7b9d-459d-9006-65285f3efd23,1798.580284,934.87,30.0,1440.0,1080.0,unict
0e5c7293-c782-4931-ae12-4650792651bd,428.047623,950.64,30.0,1440.0,1080.0,iiith
0e6fb738-05fc-4dd5-9746-a8e10efe8c20,602.779362,3521.45,30.0,1920.0,1080.0,iiith
0e7620e8-f1b5-4093-aff9-d73ab0039e08,1324.318364,1133.47,30.0,1920.0,1440.0,bristol
0e7ba211-0dba-40b8-8ace-a3e5932db4fb,404.706325,1741.37,30.0,3413.0,1920.0,cmu_africa
0ebb682e-6aec-482c-bbb7-774ec5eca906,99.0,3174.22,30.0,1440.0,1080.0,iiith
0ed86ac8-75ac-48f4-985e-ac5b991d6b37,594.623475,4253.97,30.0,1440.0,1080.0,kaust
0edfd4dc-5b1e-4c3f-91e4-e5b1ed9bbabd,157.948007,406.63,30.0,1920.0,1440.0,cmu
0ee1471a-eaf5-44aa-8b60-78b49d4dcb0e,479.054746,4233.29,30.0,1440.0,1080.0,iiith
0ee70fb4-ac6d-4da8-80e6-f5a94834eb10,747.598673,3665.4,30.0,1440.0,1080.0,iiith
0f07958c-04e3-4be9-9118-f3313c4e183e,218.199066,550.87,30.0,1920.0,1080.0,minnesota
0f0dde23-36e9-4470-ba96-b85a39e45ed9,1868.643879,1594.27,30.0,1920.0,1440.0,cmu
0f1024e6-ff80-46e2-aea8-3878f11bc1d7,945.023492,1540.07,30.0,1440.0,1080.0,kaust
0f15eea3-442e-41d1-a6bf-f200c28d4eca,590.22882,370.02,30.0,1920.0,1080.0,minnesota
0f809826-2ccb-4a75-abbd-81125f65994c,463.594632,1144.81,30.0,1920.0,1440.0,bristol
0fa75cb3-c4a0-4232-bdc4-15116ed39d88,944.8612,3610.37,30.0,1440.0,1080.0,kaust
0fb8012d-430d-4b45-a8eb-5fd8cb43f5b0,1573.212041,3827.28,30.0,1920.0,1440.0,bristol
0fbbdc01-d28a-4776-b365-13ad464e1af8,833.13904,2705.55,30.0,1440.0,1080.0,iiith
0fbf42b1-23ed-4a2b-ad71-ab438b45e0d2,2365.283066,1389.07,30.0,2560.0,1920.0,cmu
0fcf23a0-fc53-4378-9a99-18c4f109f659,164.531526,426.33,30.0,1920.0,1080.0,minnesota
0fe191ef-c28a-422c-aede-46f8aa8532a6,1350.625959,3521.37,30.0,1440.0,1080.0,kaust
0fedfa42-bfda-47c1-8f59-2c91b2c229fe,1513.096328,3733.03,30.0,1920.0,1440.0,bristol
10019839-9ded-439f-a573-5ccacd7d829d,621.295118,1403.72,30.0,1920.0,1440.0,bristol
1025f75a-dc3d-4a90-9542-8a92755e0761,354.30251,1058.09,30.0,1440.0,1080.0,iiith
10335b1c-4b8b-4f57-8c55-d540e04c08ec,325.999015,1182.4,30.0,1920.0,1440.0,bristol
105c43dd-ba43-477c-94f7-0053435a0576,146.13194,374.9,30.0,1920.0,1440.0,cmu
105d3303-8e2d-4c20-96ff-e9a8ff325109,690.405957,1787.04,30.0,1920.0,1440.0,bristol
106e9447-8a09-4e89-964e-61c927827a56,978.199538,1933.78,30.0,1920.0,1440.0,bristol
10a7fd5a-169d-4b0c-ba8b-825af7bd2117,251.010981,2091.43,30.0,1440.0,1080.0,kaust
10ab80d7-0eb7-4f35-935d-93a9531635d3,478.365481,1403.87,30.0,1920.0,1440.0,bristol
10beec0f-0e23-4506-b446-b8389aabe0bb,494.840998,958.03,30.0,1920.0,1440.0,cmu
10fe0677-6ee2-4252-b007-e75a3797e807,310.322342,1058.09,30.0,1440.0,1080.0,iiith
110352df-c7a3-4fec-a707-42936d101c28,129.572049,290.7,30.0,1920.0,1080.0,minnesota
1120c597-930c-49b7-8a61-f0dce9c31be5,97.81691,212.9,30.0,1440.0,1080.0,unict
11286c45-7869-4b84-81a5-7fcb9a247e9d,62.458138,120.09,30.0,1920.0,1440.0,utokyo
11347764-f16d-43bc-9dae-3f1f046acfc8,2808.341266,6919.4,30.0,1920.0,1080.0,uniandes
1145f1c0-4423-4e3f-a79a-70b0948dcf59,229.240056,2845.6,30.0,1440.0,1080.0,kaust
114c1877-5b5b-4ca3-9399-bd535d55669a,205.91959,495.93,30.0,1440.0,1080.0,kaust
114d86a7-2849-46de-8bb7-8fe1e1a48be8,143.633521,275.46,30.0,1920.0,1440.0,utokyo
115774b6-534d-444f-b7aa-d1b834eb0ee7,458.336512,4396.83,30.0,1440.0,1080.0,unict
115cb95f-7030-4eab-b5de-120b63b3f21c,1098.602302,6348.42,30.0,1440.0,1080.0,iiith
116a613c-be2e-4dcd-b99f-821ba1bf5463,103.044562,1008.7,30.0,1440.0,1080.0,unict
11742bbe-b42c-49e6-8a12-7153c8cdd15e,1.280993,48.09,30.0,1440.0,1080.0,iiith
11ea0e12-7398-48d0-a674-1c66da3a55eb,89.87553,273.75,30.0,1920.0,1080.0,unict
11f51f72-c0bd-4631-aabb-6ecbe17d95c9,365.413635,929.57,30.0,1440.0,1080.0,unict
11fb6f55-4bf0-4992-ad15-d30a51447ab3,488.898665,1058.17,30.0,1440.0,1080.0,kaust
1246d6ec-5620-4f71-8b4b-d823775f58c2,269.267329,1835.4,30.0,1440.0,1080.0,kaust
124d8745-52d7-464c-bb46-65b96bbdcffa,393.607978,2171.14,30.0,1440.0,1080.0,kaust
127392a3-036a-4af6-9db9-ca00141229db,525.199295,673.67,30.0,1440.0,1080.0,unict
12a6739e-7ff1-4427-ad12-ad5749693975,741.985859,3046.91,30.0,1440.0,1080.0,iiith
12bf3659-40c4-4094-a4d3-507ec04bc512,486.314283,1063.03,30.0,1920.0,1440.0,bristol
12c94eea-9d2c-4a0e-a25c-c3d286f566d0,124.053995,280.77,30.0,1920.0,1440.0,utokyo
12eeb457-8acc-4ae1-a7d8-2b9814612c8e,84.781073,180.05,30.0,1920.0,1080.0,unict
12f82d62-a2ed-42f7-a558-7403345d0705,16096.915505,3190.67,30.0,2560.0,1920.0,cmu
1309c412-1d3b-449a-95d7-853616686f89,301.225019,1840.5,30.0,1920.0,1080.0,nus
130e4f24-c55c-4d09-a1fc-7d9198ae1030,690.388283,560.73,30.0,1920.0,1440.0,cmu
1314208b-b64d-4ebc-bc9a-fc05c091ed45,9.950393,25.41,30.0,1920.0,1440.0,utokyo
1321d3aa-dc41-4bee-94a7-559536885b88,282.414233,508.53,30.0,1440.0,1080.0,unict
134524f4-c31d-4aff-b9c5-21409a73b98d,663.94181,1800.0,30.0,1920.0,1080.0,minnesota
13488a91-cef6-46f4-8007-9453d5d49925,611.826202,914.63,30.0,1920.0,1080.0,minnesota
1348c9f9-fc8b-40c7-b1ab-5b6281e5d390,988.672009,1056.82,30.0,1920.0,1440.0,bristol
134a4c63-583a-4e64-8cf9-002b6d26cdf1,459.397553,2725.53,30.0,1440.0,1080.0,kaust
13751c70-fca9-4f64-a339-890b6c770664,777.61612,3010.8,30.0,1920.0,1440.0,cmu
139b62bf-aac2-4bbc-a083-f3fd682b7600,20.332582,71.23,30.0,1440.0,1080.0,iiith
13afdff5-2f0b-411a-a8ee-09991373b3ed,4.243613,41.5,30.0,1440.0,1080.0,unict
13b99328-83c3-46ac-bf83-43cba4473489,18.438822,223.6,30.0,1440.0,1080.0,unict
13bbcf71-cc9d-40f9-b072-77841ea8b7a2,44.105219,103.5,30.0,1440.0,1080.0,kaust
13c76616-f168-4af0-8d2a-fe82ce232d6a,652.443678,1639.83,30.0,1440.0,1080.0,iiith
13d7173f-e8d1-4124-a66b-2ae648da9dbd,491.365145,1403.4,30.0,1920.0,1080.0,minnesota
13e70b53-abc6-46d3-96da-d30b8327b223,368.111892,909.87,30.0,1440.0,1080.0,unict
140ca80c-39c0-4aae-a7f9-285431972107,57.673644,676.23,30.0,1440.0,1080.0,kaust
14177ca9-924f-4e68-b218-6009dbddc7cc,406.328554,496.28,30.0,1920.0,1440.0,utokyo
141ce529-f793-48be-acde-24747af68b07,1316.234458,1504.57,30.0,1440.0,1080.0,kaust
141e08b9-c464-4b6f-9642-d9268ce419ae,8354.548517,1710.83,30.0,1920.0,1440.0,cmu
141e36da-2551-4fb5-aeff-021a3682c60a,329.031403,1404.87,30.0,1920.0,1080.0,unict
145881ef-5578-460d-bb5a-6fb80ef7d457,112.117042,967.66,30.0,1440.0,1080.0,iiith
14644fba-afeb-471c-8d82-2a7783dc67c5,1020.018673,1279.77,30.0,1920.0,1440.0,bristol
146a4b4b-96a5-4d8f-a5b1-78dbb6ee5edf,14384.178295,14853.1,30.0,1920.0,1080.0,uniandes
146d77cc-be02-48cc-8c95-afd7566edfae,102.625705,227.03,30.0,1920.0,1440.0,utokyo
148bbdfe-f5c9-450a-a39f-9ed79a0d23ed,261.870838,589.78,30.0,1440.0,1080.0,iiith
14a05360-fcc4-4bf6-97d3-2d77bc282c84,52.152175,794.7,30.0,1440.0,1080.0,iiith
14bcb17c-f70a-41d5-b10d-294388084dfc,33.353583,124.57,30.0,1440.0,1080.0,kaust
14d6ec93-4a74-4776-8837-abe5a305271f,333.689034,965.69,30.0,1920.0,1440.0,bristol
14e96091-4011-4557-95b3-a195fb5c39d8,497.560709,1815.6,30.0,1920.0,1080.0,nus
14e9c56e-b418-4bbf-bfe0-63810ef744d4,442.936679,1403.27,30.0,1440.0,1080.0,unict
14f223fb-e812-49b6-9758-5b312df21d5c,12.115311,149.73,30.0,1440.0,1080.0,unict
150c104e-f9bd-4a81-b885-0e8b9968cada,1421.132093,2565.29,30.0,1920.0,1440.0,bristol
150c7fa0-941b-4565-aff6-e83c7b6daf31,1066.618785,2700.3,30.0,1440.0,1080.0,iiith
15217da0-41f5-4594-80f3-6cc93accac2c,54.90834,368.63,30.0,2560.0,1920.0,cmu
1522d43b-dc5b-4a58-b169-b8eb54e2fa27,3660.483359,1594.7,30.0,2560.0,1920.0,cmu
15440074-6cd7-479c-b308-4d68bf813cc1,50.633891,57.0,30.0,1440.0,1080.0,unict
1558e9f2-d7f3-4a23-9627-4240f506d7df,248.135578,2093.03,30.0,1440.0,1080.0,kaust
155f8d74-4c5c-4821-a18b-fceaa9c6199c,3407.0349,11112.5,30.0,1440.0,1080.0,iiith
15758e99-690c-49d0-ae5f-92acc47df06e,308.066819,2116.16,30.0,1440.0,1080.0,iiith
15c5a595-c577-4b4b-b26a-639517f140c9,2719.253306,1800.13,30.0,1920.0,1080.0,minnesota
15ce76af-7eb0-4d27-9289-c9c71863f603,432.557888,1358.33,30.0,1440.0,1080.0,kaust
15d2dc4a-b935-49f4-ae91-4c9100b681c8,642.947663,1296.68,30.0,1920.0,1440.0,bristol
160998d4-b15c-4b72-9df8-a22691480d3e,2699.383962,1062.0,30.0,2560.0,1920.0,cmu
1626db26-0c74-43d6-a5c2-c1a8fa7b1429,2038.30856,5945.9,30.0,1920.0,1080.0,uniandes
162c1bc4-89df-4475-a549-3faa7ef27c1e,498.433024,2658.0,30.0,1440.0,1080.0,kaust
1652a22c-c350-4c2c-9e4c-71e055d1a268,177.792518,469.83,30.0,1920.0,1440.0,utokyo
1680e3e9-d3fc-4903-94d8-aa8e74016d74,631.720584,507.4,30.0,1440.0,1080.0,unict
16a1999e-f488-4da8-a367-a037a94ac79f,76.377726,210.14,30.0,1920.0,1440.0,bristol
16c21f86-6bd6-4dd7-a9b6-d98fa9e47808,187.275626,410.27,30.0,1440.0,1080.0,unict
16d55886-6e1e-4195-9918-12dc4568320e,448.253364,7223.98,30.0,1440.0,1080.0,iiith
16e4a475-acf5-448c-b059-93980af15639,1698.893432,1800.13,30.0,1920.0,1080.0,minnesota
17310b46-54f8-4400-8a84-dd8a3943c410,15.569659,283.73,30.0,1440.0,1080.0,unict
17324963-0877-482d-a189-11cc2862095c,436.232195,3379.3,30.0,1440.0,1080.0,kaust
174bee0b-b5d6-4e22-b81d-048005ae6ba6,441.90162,668.14,30.0,1920.0,1440.0,utokyo
176e0cc4-f5f3-48a4-9032-7c9c04e003f9,434.687324,2276.91,30.0,1920.0,1440.0,bristol
17d468a8-c41d-4c00-8a9e-f76e4a085298,1312.560662,4189.5,30.0,2560.0,1920.0,cmu
17e336f3-3c84-403a-a917-3e7ed6986ce3,44.195852,81.37,30.0,1440.0,1080.0,unict
18253dbb-ef51-4e82-a068-c704348186bd,484.921003,1894.03,30.0,1440.0,1080.0,iiith
18433b31-edb7-4147-802a-2fed22f6c1a6,10.525167,21.57,30.0,2560.0,1920.0,cmu
18754197-4a4c-453a-91d8-02a9fcf9c4c9,100.853607,127.5,30.0,2560.0,1920.0,cmu
18a3840b-7463-43c4-9aa9-b1d8e486fa84,5270.07555,4052.77,30.0,1920.0,1440.0,cmu
18a58467-b829-43a8-bccf-2f6194cdb361,236.78043,1915.52,30.0,1440.0,1080.0,iiith
18be74c1-9b20-41ca-8a89-7d0a1832ff55,620.1312,1553.17,30.0,1440.0,1080.0,unict
18c05110-1ef1-4da2-8b59-c80bf0cc9751,845.508917,2649.67,30.0,1440.0,1080.0,kaust
18d704a0-736d-4423-9d1e-ceaea3423d93,1246.012856,2499.34,30.0,1920.0,1440.0,bristol
18e08efb-e95e-49cb-bc89-d7695d3a2ab9,405.963637,1189.43,30.0,1920.0,1440.0,bristol
18f5c2be-cb79-46fa-8ff1-e03b7e26c986,313.316842,658.3,30.0,1920.0,1440.0,bristol
18fc3782-9929-4df3-b6c9-40943de4c22d,407.275203,1347.77,30.0,1920.0,1440.0,bristol
19085a13-c91f-4a45-91ea-889ed9a2727f,603.840763,2104.29,30.0,1440.0,1080.0,unict
192e4b6b-cbc0-4b6f-995d-fbe11df9044e,35.57012,46.29,30.0,1920.0,1440.0,utokyo
1938c632-f575-49dd-8ae0-e48dbb467920,180.378556,682.6,30.0,1920.0,1440.0,utokyo
198a7531-64d0-4bb4-ad52-042a0f0a0705,75.665444,365.5,30.0,1920.0,1440.0,bristol
19931aba-710a-43d3-87d7-b23995d6f43d,879.475099,1567.33,30.0,1920.0,1440.0,cmu
19a7cce8-5771-4ec9-bdd0-189cc34c082d,124.76717,1058.09,30.0,1440.0,1080.0,iiith
19b066ae-77ed-4930-8d0b-2316cd2b5edd,235.290735,3052.01,30.0,1440.0,1080.0,kaust
19d18a44-a421-49e6-9104-b0c09f3ac3bf,493.39081,1960.35,30.0,1920.0,1440.0,bristol
19dd53a5-1a7f-4342-9849-f251006058af,234.935429,872.83,30.0,3413.0,1920.0,cmu_africa
19fed6e1-5a0b-4042-9d6e-bb606936cb50,270.312421,532.03,30.0,1920.0,1440.0,utokyo
1a327b0c-b78b-4ae2-add0-49334bccddcd,646.080542,1800.13,30.0,1920.0,1080.0,minnesota
1a3b59d0-cdb0-4d94-b16b-227e68ade632,378.627255,531.57,30.0,2560.0,1920.0,cmu
1a539495-14e5-437d-abd6-2e2e958fe123,11.827964,101.33,30.0,1920.0,1440.0,utokyo
1a58c3e1-e04c-40eb-974b-379773a18736,274.446614,1082.22,30.0,1920.0,1440.0,bristol
1a79947a-72c2-4186-b2b2-463640e00b23,303.332245,3835.17,30.0,1440.0,1080.0,kaust
1a7b9b5d-499a-454e-aaee-3758718fb5f2,476.866783,927.4,30.0,1920.0,1080.0,minnesota
1a894d3c-b3ef-448a-a3de-2b38677cef36,76.509857,708.13,30.0,1440.0,1080.0,unict
1a89d7f1-fb77-4aef-a97a-d3d54756a9df,646.74556,2517.33,30.0,1440.0,1080.0,unict
1aa28dec-e81d-4a76-b808-b804efaae529,17.103266,35.44,30.0,1920.0,1440.0,utokyo
1ab9d5f7-0181-458e-a5e7-72ce87501f3e,302.924451,571.39,30.0,1920.0,1440.0,utokyo
1ac1830b-b98b-40ee-b1a7-b497c84e6e9f,470.680532,427.07,30.0,1440.0,1080.0,iiith
1b204c9b-30da-47cc-b793-8813169e72c7,720.738247,1695.06,30.0,1920.0,1440.0,bristol
1b21ee39-9ed2-4684-96aa-ffa9a7855f3d,549.758296,2030.03,30.0,1440.0,1080.0,kaust
1b333aaf-1c1b-4043-bbea-5b5eacbfaf5e,258.328233,1058.09,30.0,1440.0,1080.0,iiith
1b3c0015-a687-4237-abb5-cde1bfd1e85f,121.96622,475.57,30.0,1440.0,1080.0,kaust
1b782473-f0cd-4717-b127-b1b0995cd51b,576.217204,833.47,30.0,1440.0,1080.0,iiith
1b9c07d3-0656-48ad-bae4-cca25f6664c9,620.553021,1191.97,30.0,1920.0,1440.0,bristol
1b9f06a7-b26d-4c74-863e-1d4fa22bbc37,1075.41998,2116.16,30.0,1440.0,1080.0,iiith
1bc1f5e9-9d74-4a07-9d1b-39e5410436b6,245.736689,431.17,30.0,1440.0,1080.0,unict
1bec800a-c3cf-431f-bf0a-7632ad53bcb7,789.690076,2605.89,30.0,1440.0,1080.0,kaust
1beca23d-14f6-4145-9cfd-86f8a8b240e2,174.558682,870.08,30.0,1440.0,1080.0,iiith
1bece8d5-2d0f-47bb-a1f0-4fc3f94970f5,266.850585,1548.11,30.0,1440.0,1080.0,iiith
1bfe3bec-79fd-4b1b-8738-4d313f3f79b9,234.311833,655.7,30.0,1920.0,1080.0,minnesota
1bfe5ac2-cbf8-4364-8a30-60d97dd395df,80.277489,698.07,30.0,1440.0,1080.0,kaust
1c14c094-8a86-4e61-bf94-5e3ad7cbd120,295.630983,1079.9,30.0,1440.0,1080.0,iiith
1c2da42f-8b03-4643-bbd2-f29e2fc86bf6,719.693006,6350.43,30.0,1440.0,1080.0,iiith
1c35e580-0eb1-485f-98d5-48f1f968e952,1063.977373,1800.0,30.0,1920.0,1080.0,minnesota
1c677fb6-92e6-49b7-91db-4bc335e970ab,6918.200877,3527.29,30.0,1440.0,1080.0,unict
1c726086-c51a-421b-bb62-d1125db4bfe5,6836.637279,4043.66,30.0,1440.0,1080.0,iiith
1c795a0e-e718-466f-8bee-46febdc2b17a,86.299158,422.23,30.0,1440.0,1080.0,kaust
1c8a0a01-c595-4238-9743-a65516be96f1,204.796303,606.13,30.0,1920.0,1440.0,cmu
1cccdb19-2eb3-4ab7-ab74-58c9b425a68c,1233.072245,2449.88,30.0,1920.0,1440.0,bristol
1d3ef460-0afc-4d50-9701-48204c907b43,87.894143,720.77,30.0,1440.0,1080.0,kaust
1d6443e5-4ebb-4ccd-b5f3-3b7529376098,4.680243,59.57,30.0,1440.0,1080.0,kaust
1d920f78-73d0-4323-b8b1-be51d27a69a7,534.716656,708.01,30.0,1920.0,1440.0,utokyo
1d95a5e3-3030-41e5-8bf8-a2233984f7e2,673.947589,829.83,30.0,2560.0,1920.0,cmu_africa
1da50887-dd33-4644-9377-1bf855b86ffd,252.012967,532.2,30.0,1920.0,1080.0,nus
1da68f69-6fa2-4a1f-b763-14181861a617,1001.722375,674.82,30.0,1920.0,1080.0,unict
1da766ee-3e09-4e46-9e0c-37b9919c1131,13.692086,106.97,30.0,1440.0,1080.0,unict
1dac32da-dcbe-45cb-8ee5-ca1c5b4df01e,93.368611,383.1,30.0,1920.0,1080.0,unict
1dc4752a-338d-4d9b-820e-0a6b3add776e,73.22464,438.03,30.0,1440.0,1080.0,unict
1dc85adb-fbdd-4275-b9cf-42976acb4d14,85.343675,2408.36,30.0,1440.0,1080.0,iiith
1dcc108c-8bd4-42ad-b2c5-03662be62eda,502.280451,5290.36,30.0,1440.0,1080.0,iiith
1dd24d94-8770-4f2c-b1ee-008ddc561ba9,180.497829,1125.82,30.0,1440.0,1080.0,iiith
1de259f4-6130-4c10-a83c-e2a6b78c9d34,284.487996,1058.09,30.0,1440.0,1080.0,iiith
1def75d5-bd39-4638-8b3d-a4e1c2ceefeb,254.795155,1353.18,30.0,1440.0,1080.0,kaust
1df0665a-91f7-48ff-b74d-0e4b1c3729e0,162.785801,298.93,30.0,2560.0,1920.0,cmu
1e2bab69-06bd-41e1-a718-8befd673718d,808.568847,493.93,30.0,2560.0,1920.0,cmu
1e5bd816-e1dd-43d3-8709-42c83114dc7c,1811.348995,10662.3,30.0,1440.0,1080.0,iiith
1e5ca2af-3f1b-40d5-b3a7-d712ac4b5065,182.859294,695.97,30.0,1920.0,1440.0,bristol
1e64cbac-80af-4aa8-86bd-cc03c081ab1a,99.348128,180.22,30.0,1920.0,1440.0,utokyo
1e886e3d-9102-424c-8455-375bb24d3ff3,519.314513,1500.0,30.0,1920.0,1080.0,minnesota
1e9da62e-72ae-48d2-8b6e-00a5283d213f,491.772797,1815.37,30.0,1920.0,1080.0,nus
1ea5b82f-85ab-4b05-8c55-9cc9ce9b542a,140.703048,328.57,30.0,1440.0,1080.0,unict
1ead2ccf-0c67-41e7-88d3-de7ecd0c8c7c,680.226798,1463.51,30.0,1920.0,1440.0,bristol
1eb500cd-cdb4-415e-8bf6-cc1289edf0ee,357.474274,1132.07,30.0,1440.0,1080.0,kaust
1ebbf490-8a85-46b9-99c9-cd0f7e3b634b,327.128308,2402.23,30.0,1440.0,1080.0,kaust
1eea73ff-1781-4a36-9f81-1caf078f9d8b,591.910775,594.9,30.0,1440.0,1080.0,kaust
1efb20de-7aca-4798-a7c2-0e4dc34fb687,232.541019,1540.08,30.0,1920.0,1440.0,bristol
1f110c61-1f3e-4f23-8e0d-886f5cdfb761,363.077469,1295.2,30.0,1920.0,1080.0,minnesota
1f1556e3-c586-4cf6-afff-11804450e6d9,28.133384,255.97,30.0,1440.0,1080.0,unict
1f2e985f-ea94-4ec4-bc22-f5516e693d7d,520.857538,1818.33,30.0,1920.0,1080.0,frl_track_1_public
1f36976c-e0fb-4d4b-b029-1b1be0167673,221.497784,511.8,30.0,1920.0,1080.0,minnesota
1f4a4d13-f083-4464-8c03-5e09f55e3f63,693.376539,1372.57,30.0,1920.0,1080.0,minnesota
1f5ca4f1-6200-4a9a-86af-150824b51f67,333.030112,1482.47,30.0,1920.0,1440.0,cmu
1f61d972-e61b-4846-af3a-d09db9f111f8,382.825253,1137.53,30.0,1920.0,1080.0,nus
1f82557c-77a2-4245-a66d-5b3ee95a2670,49.096019,540.17,30.0,1440.0,1080.0,kaust
1f84d80d-6f8d-4e40-aabb-b33aad3ba594,1470.750507,1141.85,30.0,1920.0,1440.0,bristol
1f95bb4c-3930-42b5-9118-87737dc045ce,128.251343,825.63,30.0,1440.0,1080.0,unict
1f9c087f-0d2e-424a-8f90-d5402d639fb8,392.709986,708.03,30.0,1920.0,1440.0,utokyo
1fae6ecb-2ad9-4160-b388-c34e7d018915,572.424936,2454.29,30.0,1440.0,1080.0,kaust
200a8f32-c44a-463d-ba39-0190a0bddf7a,4996.215572,2807.09,30.0,1920.0,1440.0,bristol
201956f0-8e28-4ba2-b96b-98855c738fb0,61.330718,315.5,30.0,1440.0,1080.0,unict
201af2e0-72dd-466c-8280-8c3dc00a7981,547.518074,1442.7,30.0,1920.0,1080.0,minnesota
2043d7fa-c369-431e-8bd4-3826c6c5d9cc,7.999629,14.97,30.0,2560.0,1920.0,cmu_africa
20474be2-080f-48bd-a30c-871b9664e806,394.235019,1146.7,30.0,1920.0,1080.0,minnesota
204d459b-5204-49e0-addb-bba576dc3686,886.075266,2719.4,30.0,1920.0,1440.0,cmu
206cef4f-5301-4a9e-8f87-1fa3905bf9bd,618.753477,1319.2,30.0,1920.0,1440.0,bristol
2090d1c2-8308-4966-b903-e860b498f4e3,339.171078,923.5,30.0,1920.0,1440.0,bristol
20aef6e8-db69-4b84-910f-e8d90657cc1c,42.088428,246.57,30.0,1440.0,1080.0,kaust
20b96ca4-67e5-41e9-87b6-6683bd641df4,25.823707,203.0,30.0,1440.0,1080.0,kaust
20bc995f-c3de-4789-bd7a-34cf1a313b0c,789.760712,3606.61,30.0,1440.0,1080.0,iiith
20c165c7-6d47-4264-8e62-9f1e643a4d03,5898.795343,7469.73,30.0,1920.0,1080.0,uniandes
20d62117-8b5f-44b3-b86f-a936e6cdd2c2,492.460108,924.33,30.0,2560.0,1920.0,cmu
20ef0632-9c41-43d0-aea4-60307be7431a,203.574378,538.67,30.0,1920.0,1080.0,minnesota
20f345f7-d592-4d52-851f-3ee4544a847d,396.512312,379.8,30.0,1440.0,1080.0,kaust
214b62df-2fb1-4b0e-af9d-42b0dd37defb,786.305463,2368.73,30.0,1920.0,1080.0,uniandes
216c7a1a-7ec3-4aa0-a465-e37e7b5fd2f3,1733.307584,2737.27,30.0,1440.0,1080.0,iiith
216e3f0e-ccb9-4d54-ba56-d275fedbf52f,134.092913,680.45,30.0,1920.0,1440.0,utokyo
21a832b1-6286-429e-b21b-dcf536016280,96.393923,349.3,30.0,1920.0,1440.0,cmu
21a8f5f0-6f9a-4d12-bfad-100a8268597a,339.186513,1372.45,30.0,1920.0,1440.0,bristol
21abd7c0-2527-487a-a249-36d47408bae0,638.877685,1691.91,30.0,1920.0,1440.0,bristol
21dabbc1-d8b9-4631-846b-4e8a0fc60048,95.196742,1113.7,30.0,1440.0,1080.0,iiith
21dd0acb-4549-4439-90a9-9d920bbc603d,3588.151849,12362.0,30.0,1440.0,1080.0,iiith
2206d2df-ebea-4f46-a833-ae52ccbbcfb4,169.869,810.2,30.0,1440.0,1080.0,unict
2217be49-1bfa-4507-87ff-255f2392c002,69.651005,531.57,30.0,2560.0,1920.0,cmu
226397c1-fc61-40bc-8d90-02a2c27ff864,476.81803,2021.4,30.0,1920.0,1440.0,bristol
2270f91a-6ef7-47ff-a743-cead1744fa74,407.775132,1764.93,30.0,1920.0,1080.0,nus
227165a6-277b-451c-bcda-1d2cf60577ab,291.518188,971.77,30.0,1920.0,1440.0,bristol
22852eb5-c456-47f1-9aec-2643c5950b8b,5429.616782,6348.42,30.0,1440.0,1080.0,iiith
22879658-f5c5-4cf4-859a-5395850413d4,510.854894,1045.33,30.0,1920.0,1440.0,bristol
228eb02a-6c89-4aa0-9cd4-0cdab1550c83,1033.77773,1995.49,30.0,1920.0,1440.0,bristol
22f68c6a-b8dd-44e6-b1fe-d4e619e72f59,2857.915974,1594.8,30.0,1920.0,1440.0,cmu
2353f031-31de-4d26-b639-474ea59a39f0,14.325609,61.33,30.0,1440.0,1080.0,unict
23901008-0d83-4cc7-b96a-edbdb2416a43,53.970554,509.87,30.0,1440.0,1080.0,unict
23910a31-45bb-4c41-9b74-91ba2bb8be60,97.79818,221.4,30.0,1920.0,1080.0,unict
239e6608-8c7c-4643-9a64-edc7f3da0e8e,37.038227,47.47,30.0,2560.0,1920.0,cmu
23a1b043-771f-4769-916a-34163f2ea2ef,542.880407,553.93,30.0,1440.0,1080.0,unict
23d27284-5421-4913-baba-b660fadd1920,7.654454,20.87,30.0,1440.0,1080.0,unict
23e0af07-6932-4ccf-8551-3a720d141b89,1223.572012,2807.55,30.0,1920.0,1440.0,bristol
23ecfb5c-6d29-40a6-b070-5be19ba3e86f,2550.09588,4411.68,30.0,1440.0,1080.0,iiith
23eeced2-6067-4379-9ebd-9e263d8171ef,130.374004,949.3,30.0,1440.0,1080.0,kaust
23effd59-dd94-4f98-93d5-fdd00f091f44,4323.808357,801.57,30.0,2560.0,1920.0,cmu
24056742-c495-4c05-8b8e-69845640714c,28.455331,164.9,30.0,1440.0,1080.0,unict
2406765c-3d91-4c9f-8170-070519823b76,404.482515,1804.93,30.0,1920.0,1080.0,nus
2409a5a7-a4ed-4fcb-ad77-024dc20988ca,266.723695,708.03,30.0,1920.0,1440.0,utokyo
2413dce7-2c3e-43cd-8482-fbc3ed465adf,168.305439,1059.07,30.0,1440.0,1080.0,iiith
2446beef-dad6-4119-9b97-937bd44627b9,313.857132,2121.62,30.0,1440.0,1080.0,unict
245fbc91-5ffa-40f9-ac2d-4008ac8b1dd6,5.719265,59.53,30.0,1440.0,1080.0,kaust
24750088-4716-4e6e-85ea-6ecb3bd14eb6,2.781982,15.87,30.0,1440.0,1080.0,kaust
2481f41b-fdff-4c32-b273-80c776c8eafd,123.799869,672.23,30.0,1440.0,1080.0,unict
24898dc1-61bd-4e90-a034-2853b96e4a91,187.931413,882.07,30.0,1440.0,1080.0,unict
24a02211-4687-49eb-b1e3-cf325e0629e7,148.890034,2687.5,30.0,1440.0,1080.0,kaust
24b995e8-9150-43be-953c-f96959c151b5,318.054083,253.4,30.0,1440.0,1080.0,unict
24ba7993-7fc8-4447-afd5-7ff6d548b11a,9.517661,151.97,30.0,1440.0,1080.0,unict
24ef2f0c-9301-4158-84af-c1d5b7c6ed8a,702.481871,1800.13,30.0,1920.0,1080.0,minnesota
250d59fc-e1e3-479e-946d-f108d4f38275,627.838332,6348.42,30.0,1440.0,1080.0,iiith
25153242-d4ef-4ae2-b414-310bd5478306,6.194345,69.41,30.0,1440.0,1080.0,iiith
252b4e41-56c3-4628-93c9-ab23fea10f09,1425.666525,1367.93,30.0,2560.0,1920.0,cmu
254029e5-fed4-40a7-bef1-12b9faff3202,665.714265,1946.27,30.0,1440.0,1080.0,kaust
254e8485-eb84-461a-aed5-a71716588fad,380.187337,1820.67,30.0,1440.0,1080.0,kaust
25b2f1d5-7266-401c-bdfa-32944607f564,174.375408,2119.77,30.0,1440.0,1080.0,kaust
25b86bdb-b2ca-4d25-b139-2d203cc48979,548.304345,3174.22,30.0,1440.0,1080.0,iiith
25d0feb6-f66f-499f-a6b0-0ceb9df56896,1322.966413,4198.71,30.0,1440.0,1080.0,iiith
25eca07b-a5e2-433e-b7c0-24b5d8e153de,1015.206144,2085.84,30.0,1920.0,1440.0,bristol
260a474a-bdbe-4648-b0b2-af83209d7fc8,106.405703,681.49,30.0,1440.0,1080.0,iiith
26192bcd-7240-4d7b-8306-fa4eed0264f2,6085.875095,10637.1,30.0,1920.0,1080.0,uniandes
261edec2-f089-4a74-b25f-ddf32c92f90c,552.562117,1903.63,30.0,1440.0,1080.0,kaust
26202090-684d-4be8-b3cc-de04da827e91,331.856737,3127.2,30.0,1440.0,1080.0,unict
263105fb-18d9-4628-90b5-c5e7b228c705,1160.470646,1809.06,30.0,1920.0,1440.0,bristol
26679d4b-9d7a-468e-9baa-0538be491975,302.19003,652.27,30.0,1920.0,1440.0,utokyo
268c3d9c-d4fd-4f73-b25b-630bb2348213,297.699301,2339.5,30.0,1440.0,1080.0,unict
269eea13-c70a-42f6-aba5-41ef622d3112,1479.838849,5409.13,30.0,1440.0,1080.0,iiith
26a2a3ce-30c9-42e4-85ae-482c303c9b24,20.109571,51.57,30.0,1920.0,1080.0,minnesota
26a3f39e-16e3-4146-824f-859cdd3c580f,237.181415,1058.09,30.0,1440.0,1080.0,iiith
26a56478-0c95-49b7-bb5e-1caef7750633,346.890856,957.07,30.0,1920.0,1440.0,bristol
26b4e1c1-54c7-419f-b2d3-63ea52fd3540,67.910841,315.93,30.0,1440.0,1080.0,kaust
26c14ff0-1c00-44f5-98e0-59437a50f4b1,1063.268312,1152.67,30.0,1440.0,1080.0,iiith
26ed1dd8-c21e-4c0a-95a5-6ff2999e4a85,28.608342,124.57,30.0,1440.0,1080.0,kaust
26f1c77e-814e-4609-ad67-12447d1627e1,347.017873,1187.87,30.0,1920.0,1440.0,bristol
26fb3377-0008-4933-b7ee-09b6fe944b59,326.284168,718.93,30.0,1920.0,1080.0,minnesota
271d7171-243c-4db4-8295-6a079e295562,572.409597,1540.8,30.0,2560.0,1920.0,cmu
271d7528-09b8-4649-bb55-183a94d6a626,623.221673,1826.37,30.0,1920.0,1440.0,bristol
2723b029-c547-4a1a-b5ce-309e84357a15,54.665532,609.23,30.0,1440.0,1080.0,unict
2725d34b-04d5-411a-b405-c5e12d167ade,719.224776,2886.98,30.0,1440.0,1080.0,iiith
272e8bcd-32a8-48ce-a9c4-a5f0a4f15145,1091.391977,3847.22,30.0,1440.0,1080.0,iiith
274bea99-673e-43a3-b5d5-d49c98cccc8c,433.913335,2930.12,30.0,1440.0,1080.0,iiith
275ea957-7404-4e86-ae6c-e3e1cb988b37,427.628063,1769.47,30.0,1440.0,1080.0,kaust
2763117d-04c7-4b65-bd9f-1c549051113d,551.304784,627.03,30.0,1440.0,1080.0,iiith
2763dbfc-8488-4264-b31f-4b12096c4c4b,309.296825,846.53,30.0,1440.0,1080.0,unict
27850cc6-62c7-40f2-a9d0-7bc78fbe80de,869.53552,1800.23,30.0,1920.0,1080.0,minnesota
27b0cdc1-b17c-47c2-bc19-9d81f69bfeb1,1063.88835,631.43,30.0,2560.0,1920.0,cmu
27d85777-e46c-44ca-8d07-b59ce2cfdb57,243.54544,456.73,30.0,1920.0,1080.0,minnesota
27ddfcaf-4c2c-4193-917d-22ff60222a60,186.191929,1725.03,30.0,1440.0,1080.0,kaust
27de8eef-27b5-431e-9c4b-668001a4d37c,18.889014,219.4,30.0,1440.0,1080.0,unict
27e6c383-64b8-41c3-80ac-87c20d6e588b,2552.715213,4805.51,30.0,1440.0,1080.0,iiith
2800eb2e-b97c-4d63-8178-b7d1510731a6,162.727479,1520.17,30.0,2560.0,1920.0,cmu_africa
2817ff3c-1ff6-4ac1-9dc5-8fad9452da52,883.983521,1565.61,30.0,1920.0,1440.0,bristol
281a7f2e-74e0-45b8-b0ca-6f03b58ac6d9,939.720668,579.23,30.0,1440.0,1080.0,unict
282c73cf-c710-442d-98fb-3f5a6f4265c2,664.98211,1048.13,30.0,1440.0,1080.0,kaust
282e9dfa-a79f-4cee-b251-59b48ce05815,648.414514,1800.13,30.0,1920.0,1080.0,minnesota
28313dbe-ad68-43cb-bb72-602d5600d15a,436.310618,759.47,30.0,1920.0,1440.0,cmu
2893d559-89cb-4125-a761-3ff8e68768a9,777.425811,728.6,30.0,1920.0,1080.0,minnesota
2893f124-f815-4a0b-860c-a694e2540783,141.046038,543.15,30.0,1920.0,1080.0,unict
28bc1ee7-b0c1-4f30-934a-0ab665779d90,638.72998,1394.27,30.0,1920.0,1440.0,bristol
28d09ed6-8e95-4f09-bf5d-a6b1b1538923,51.404948,270.55,30.0,1920.0,1080.0,bristol
28e0affc-cacb-4db8-ab32-dfc16931b86a,11.327445,31.67,30.0,1920.0,1080.0,minnesota
28fe3d66-382b-425a-8409-3cf17f5c8670,1709.502988,1070.7,30.0,1920.0,1080.0,unict
28ff9118-e876-497c-9901-cb89a62509fc,597.41774,3926.03,30.0,1440.0,1080.0,kaust
2911c0de-45ad-488a-a8e7-a445d37568ad,200.930832,1410.17,30.0,1440.0,1080.0,unict
291953b9-d7f3-403b-8b8a-7aa935847064,762.306668,1212.41,30.0,1920.0,1440.0,bristol
292af6ad-aeac-453b-bc59-cdafa981dbfd,175.803962,614.63,30.0,1920.0,1080.0,minnesota
292b2447-407d-45b5-8663-8d92a3f03064,365.509298,708.03,30.0,1920.0,1440.0,utokyo
2931b191-15a1-4420-8b49-c2a59fc8912f,49.936207,163.8,30.0,1440.0,1080.0,unict
29586f72-7e63-45aa-b4f1-38a6e615e46d,64.857746,172.77,30.0,1920.0,1080.0,unict
296095cb-629f-4875-b178-7a15edd5b4b0,226.814323,594.97,30.0,1920.0,1080.0,minnesota
2967f13e-d2af-4154-b593-d38d61e223d7,213.324968,2480.77,30.0,1440.0,1080.0,kaust
2970b84a-d6cf-4593-a487-53f853f0418f,2198.019079,3692.34,30.0,1440.0,1080.0,kaust
2978ddbc-cdc9-4bfa-9a7c-4bf056904010,459.868997,1053.24,30.0,1920.0,1440.0,bristol
29790a18-69cb-4952-8fbf-644a91c4b747,627.653055,1013.63,30.0,1920.0,1440.0,cmu
2987458f-3c82-43d9-b577-219a0b175fd9,115.920569,1058.09,30.0,1440.0,1080.0,iiith
29928d46-5209-4d00-9fbf-b5c056845ded,822.689591,1113.52,30.0,1920.0,1440.0,bristol
29e00040-6e0f-4f0e-816d-1ac97c1e5485,217.711307,2977.71,30.0,1440.0,1080.0,iiith
29e45749-f8d5-42c7-af09-7fbb3d6697e9,887.455474,1800.13,30.0,1920.0,1080.0,minnesota
29e76c5a-af89-49b5-8f6c-d83ea70c9951,373.450721,576.67,30.0,1920.0,1440.0,bristol
29ed0e34-0c0e-4c87-9175-59ee92aa48d9,824.13098,1113.51,30.0,1920.0,1440.0,bristol
29f0c670-f2a3-46b4-9ccc-2ffeb4f7faae,4825.307075,3528.47,30.0,1440.0,1080.0,iiith
2a00e878-bd87-4d39-91c4-f27fcb7b5feb,582.749898,602.23,30.0,1440.0,1080.0,unict
2a2ff7db-5460-4296-a8a7-946ba628226d,507.121951,3273.89,30.0,1440.0,1080.0,iiith
2a6b3d10-8da9-4f0e-a681-59ba48a55dbf,335.490812,1667.39,30.0,1440.0,1080.0,iiith
2a73ab3f-d193-4052-8d37-6aacc5f2b516,5100.110825,2894.43,30.0,1440.0,1080.0,unict
2a931b7b-fd4d-462b-bb63-d9dd1c36502c,162.723901,483.43,30.0,1920.0,1080.0,minnesota
2ac38738-903b-45b8-821e-e0de604caaa1,566.553343,261.83,30.0,2560.0,1920.0,cmu
2af3d6a1-36bf-48b5-a272-c03a960c608e,92.061158,279.37,30.0,1440.0,1080.0,kaust
2af7c80c-301e-44b7-84a2-d6c09c325a5b,19.966378,166.2,30.0,1440.0,1080.0,unict
2b0086a9-6eba-45de-9ad7-e3dc5f533031,692.005684,1264.03,30.0,1920.0,1440.0,bristol
2b2ded63-7dc5-4730-b601-2db8fe3683ea,515.085007,5016.35,30.0,1440.0,1080.0,iiith
2b5569df-5deb-4ebd-8a45-dd6524330eb8,184.806465,849.57,30.0,1440.0,1080.0,unict
2b7d3454-447e-415f-a22f-2a32445bebf9,137.018259,715.37,30.0,1440.0,1080.0,iiith
2b89ddf6-d019-4664-87a4-ea308717cd34,65.730299,430.77,30.0,1440.0,1080.0,unict
2b8a34f9-10ac-4961-86e1-b09de51a15cd,840.406794,1800.13,30.0,1920.0,1080.0,minnesota
2b8e6ff1-7253-4850-bb44-5b4349f18a62,18.662403,103.17,30.0,1440.0,1080.0,kaust
2b8f76b9-e542-4413-9fbd-0f7710a39dfb,1048.793991,1561.4,30.0,1920.0,1080.0,minnesota
2b99e141-3fdd-48c5-b960-8407f430bb1b,235.191157,1032.2,30.0,1440.0,1080.0,unict
2ba0becb-58c2-43a1-97bb-7e153a34eb47,242.975207,563.66,30.0,1920.0,1440.0,bristol
2bc60910-3a1f-4498-a579-a1bcf105aee7,1097.09601,831.53,30.0,1440.0,1080.0,unict
2bc7d6fa-a02e-4367-b316-d6b4e8a2ce3f,62.396711,104.33,30.0,2560.0,1920.0,cmu_africa
2bd1593c-ae88-417e-827f-3997201da229,393.373876,2128.27,30.0,1440.0,1080.0,kaust
2bdeff04-c125-4d0a-a554-4ec88ae9ad49,442.918992,1969.27,30.0,1920.0,1440.0,cmu
2c0c6508-397f-4c48-aeb7-abc7a3cae8d1,1110.633696,2157.2,30.0,1920.0,1440.0,bristol
2c137f07-bf3d-440a-b367-470664bab6e7,405.491066,4440.66,30.0,1920.0,1080.0,iiith
2c27b5f1-4af6-49ad-a43c-3efb0c150868,517.817254,1430.45,30.0,1920.0,1440.0,bristol
2c5617fc-dd05-4acf-b8db-f7fb40438daa,4.020088,38.37,30.0,1440.0,1080.0,unict
2c5d38ed-012f-4732-9eb8-89beddb07641,1200.647651,775.17,30.0,1920.0,1440.0,cmu
2c641207-ba3a-46ba-812d-642d9bfcb410,232.8801,1860.71,30.0,1440.0,1080.0,iiith
2c6e772c-4681-44a1-966c-dd84c65183ad,83.182473,252.63,30.0,1920.0,1080.0,minnesota
2c78909f-ff5c-4a70-b5ae-2d74e11fbe93,549.437572,2669.86,30.0,1440.0,1080.0,iiith
2c7f1ac0-25cc-49ac-8924-548ef35c98a0,152.470432,984.56,30.0,1440.0,1080.0,iiith
2c84e6a0-2a0b-4de8-ae99-aedbc871dffa,408.083934,2024.07,30.0,1440.0,1080.0,unict
2c8fe342-f08b-474f-ae35-843cf583a19a,1251.514114,2425.87,30.0,1440.0,1080.0,iiith
2c9a2cb8-93fd-4932-bb76-60e80822b70b,146.99049,1058.07,30.0,1440.0,1080.0,iiith
2ca764bf-10d3-4a76-8ec2-e7eec63c6e34,415.88955,1329.5,30.0,1440.0,1080.0,unict
2cb383c0-4c33-4eed-9279-91521ff19cbc,91.808339,248.11,30.0,1920.0,1080.0,unict
2cb81c1d-9472-4d82-8ec1-72ae355c9163,282.625107,1316.37,30.0,1440.0,1080.0,iiith
2cc2710e-aae0-41eb-9a70-deb9217bb7ea,251.32009,3889.0,30.0,1440.0,1080.0,kaust
2cd9a214-b950-49b6-aa04-0cfd0f85fe5f,40.898612,865.63,30.0,1440.0,1080.0,kaust
2ce4a646-43d5-4501-ae4c-fcba545baa9f,183.44649,774.33,30.0,2560.0,1920.0,cmu_africa
2d0c81c8-d7ff-4240-9ee7-4c71c152fb0a,27.86786,108.54,30.0,1920.0,1080.0,unict
2d1bf98e-a133-4f63-bc1d-91f718078a52,301.808067,737.0,30.0,1440.0,1080.0,unict
2d29b45a-169b-453f-8050-98ec147b0ccf,610.736886,2148.8,30.0,1920.0,1440.0,cmu
2d386a76-9ef1-49ff-982e-d5e403bba456,245.291121,465.07,30.0,1440.0,1080.0,unict
2d560d56-dc47-4c76-8d41-889c8aa55d66,1040.080585,9233.33,30.0,1440.0,1080.0,iiith
2d5b5f4e-8854-4d60-afb6-ccaf9814d4fb,310.394734,1395.91,30.0,1440.0,1080.0,iiith
2d76e155-dcae-4fdb-be83-a37f09e699a8,3020.09103,7322.63,30.0,1920.0,1080.0,uniandes
2d8e9dad-9b5a-4d0a-b749-591121c8f84b,150.194789,945.15,30.0,1920.0,1080.0,unict
2d91a563-e741-4c1c-9806-beb4ec6f3719,488.214796,1097.5,30.0,1920.0,1080.0,minnesota
2d9e0fc0-2cc7-4cab-8006-4bc530e252cb,237.294665,577.97,30.0,1440.0,1080.0,unict
2da248ee-8514-433f-81ce-fa388a20632f,3544.019088,7249.01,30.0,1920.0,1080.0,iiith
2da5c1ee-bd40-406d-83a7-2f3d93293949,105.828242,1063.1,30.0,1440.0,1080.0,iiith
2dbb7845-1de0-4e26-877a-035c051d12a5,127.269325,750.23,30.0,1920.0,1080.0,unict
2dbdd409-0be0-447c-8ae8-3f107fe9af80,434.688827,1872.93,30.0,1920.0,1080.0,nus
2dd04abb-859f-4121-9eeb-4db511b54c7b,51.1753,176.83,30.0,1920.0,1440.0,cmu
2dff68c2-6310-4763-8d39-05a1dbe40fda,304.478809,1686.33,30.0,1440.0,1080.0,iiith
2e160c88-209f-4bb2-90d4-e7edf5664bce,669.289831,3174.22,30.0,1440.0,1080.0,iiith
2e877d35-66d2-4dff-b9e0-d164ddff4315,1417.674589,2116.12,30.0,1920.0,1440.0,bristol
2ea4e012-4664-4701-917f-7efffedaab7f,496.712072,5350.9,30.0,1440.0,1080.0,iiith
2ec3c123-0a04-46d7-97d5-8b85b5e6d06f,462.508416,1681.99,30.0,1440.0,1080.0,iiith
2ee46838-6bf8-40a9-9ad0-fae834c7b52c,119.267143,498.56,30.0,1440.0,1080.0,iiith
2f16540c-5349-4580-a644-6e0a79b2689c,258.914926,531.07,30.0,1440.0,1080.0,unict
2f23b607-f2e6-4f58-85d3-004c840bead2,310.838231,2116.14,30.0,1440.0,1080.0,iiith
2f46d1e6-2a85-4d46-b955-10c2eded661c,382.489991,899.43,30.0,1920.0,1080.0,minnesota
2f4f353e-0cdd-4ce5-85fa-c734f7e83645,391.178726,990.73,30.0,1920.0,1080.0,minnesota
2f6da5f6-e26c-4ac3-8f71-12386f7588e2,581.885303,2314.03,30.0,1440.0,1080.0,kaust
2f77c6e3-3751-44ea-887f-2c8caf9c6485,554.183237,2549.3,30.0,1440.0,1080.0,kaust
2f9e9555-3232-43de-9799-20476217ebea,3024.081839,4048.17,30.0,1920.0,1080.0,uniandes
2fa72a4f-b318-4e04-97b8-efdc3b039258,127.511041,1452.3,30.0,1440.0,1080.0,kaust
2fa81cfe-e0d4-42e5-be39-e14287215bd2,1168.063677,2209.54,30.0,1920.0,1440.0,bristol
2fd1837a-613b-48af-9ad2-0222f8fd6b69,301.207224,2086.8,30.0,1440.0,1080.0,iiith
2fddd811-c549-487c-840c-8106530ad986,163.033921,577.77,30.0,2560.0,1920.0,cmu
3005b4c5-5f20-4190-af07-4a65ebb478ed,209.584402,452.13,30.0,1920.0,1080.0,minnesota
3024e27a-237a-4b48-8ea9-b9b16181eaf1,145.072468,1839.57,30.0,1920.0,1080.0,nus
304735ba-6bf5-4d39-bcb5-0dabddb11d68,377.920593,708.03,30.0,1920.0,1440.0,utokyo
30805f57-8f23-4d41-91a0-19d248a62c1d,577.359035,1610.9,30.0,1440.0,1080.0,unict
30c629f8-2f20-4b2c-b14b-db8dcf33039b,397.388161,1400.13,30.0,1440.0,1080.0,kaust
30e16a80-2a80-4407-9193-533292e57230,158.258254,463.67,30.0,1440.0,1080.0,kaust
30f78038-4b88-4dd3-be80-4f2fe791f3e1,26.176944,39.1,30.0,2560.0,1920.0,cmu_africa
31111c3c-a136-4a4a-a0bc-540a544aa4bc,244.506006,970.6,30.0,1920.0,1080.0,unict
3130e00e-873a-4afb-93a6-7b07f3cf6597,293.782105,1780.19,30.0,1920.0,1080.0,nus
316ad960-e087-4d33-ba02-08e83c20e199,2497.629336,1586.17,30.0,1440.0,1080.0,unict
316b709c-1f0b-495e-8538-ccd1293443a6,174.589903,487.4,30.0,1440.0,1080.0,kaust
31cbf7bb-d464-4ec3-bddd-c387766f8572,199.248747,871.2,30.0,1440.0,1080.0,kaust
31d6fe77-da70-42da-8f47-66bb79b9285b,104.851373,287.3,30.0,1440.0,1080.0,iiith
31e21213-c8e6-40f4-b498-98db071819ed,723.355012,1398.37,30.0,1920.0,1440.0,bristol
31ea56e6-7a99-4b91-b74b-3b1e6de05e99,1102.054899,1821.24,30.0,1920.0,1440.0,bristol
320e73ce-08e0-40bf-945c-f4515d03621f,138.964058,328.26,30.0,1920.0,1440.0,utokyo
320f0ec0-0e73-43aa-8375-1a030793eb1e,316.383784,498.22,30.0,1440.0,1080.0,iiith
3211e658-8467-4539-a67d-c7226767c989,431.082013,708.03,30.0,1920.0,1440.0,utokyo
321b5e21-2951-40c9-a2f9-6ce0c145cfb8,429.322405,385.43,30.0,2560.0,1920.0,cmu_africa
32287654-7f5b-4d24-bdb0-5f0ceb6dfd24,607.27767,934.03,30.0,2560.0,1920.0,cmu
3249fbee-78f6-44d9-80b9-b38a37bbaf6e,181.116785,1493.0,30.0,1440.0,1080.0,unict
324ec8a1-3bd1-46b6-9abb-a824e53c0879,771.265798,3328.94,30.0,1440.0,1080.0,iiith
325e1bf8-56d8-414b-9e78-07eebe04c13e,981.950097,3927.97,30.0,1440.0,1080.0,kaust
326eb377-b02b-43c8-b736-43057a9355a8,1033.113979,3454.97,30.0,1440.0,1080.0,kaust
327843a1-83d0-409f-8a07-1453e30d49a8,301.59579,771.47,30.0,1920.0,1080.0,minnesota
32791c49-15fe-4e62-843b-e5861e854859,774.974003,3055.81,30.0,1920.0,1080.0,bristol
32ccccb7-547d-4bd3-9669-d6bb71466fe4,406.28822,2892.41,30.0,1440.0,1080.0,iiith
33052ab8-d0af-414c-8655-3046c6990f3c,126.390623,451.16,30.0,1440.0,1080.0,iiith
33429f4c-907b-4a50-bad8-3716b629bd73,419.632356,1529.64,30.0,1920.0,1080.0,frl_track_1_public
335512e7-22b8-4eee-9d4a-0af99add04ef,683.432119,1702.47,30.0,1920.0,1080.0,minnesota
33943819-f567-4dca-b0ac-ebee2f5e6862,389.240719,535.27,30.0,1440.0,1080.0,kaust
33b37415-5bd9-4a58-869d-2bc44f064666,851.271527,3377.73,30.0,1920.0,1080.0,unict
33f62d70-ef74-4ec4-9602-5b9f663169ca,16.775616,198.47,30.0,1440.0,1080.0,unict
34075e2a-e987-4af1-ad04-f2f4d3ae97ab,116.398323,291.73,30.0,1920.0,1080.0,unict
3410d16d-3450-440c-bd3c-e8140e1facce,775.635093,3475.36,30.0,1440.0,1080.0,kaust
341b5211-bb72-4bec-bd3d-c0d518887960,102.280937,202.9,30.0,1440.0,1080.0,unict
342cb558-ab3e-4b04-8169-a68bbf06a448,550.815937,1800.13,30.0,1920.0,1080.0,minnesota
343ff902-f0c0-4931-bca6-872ff9066fec,2597.396334,2472.76,30.0,1440.0,1080.0,kaust
34494299-4303-46db-ab66-cfd37bec6b3e,300.57078,531.57,30.0,2560.0,1920.0,cmu
3455a3f3-1657-46bb-ae42-52d16ec5ffaa,4392.419189,8123.33,30.0,1920.0,1080.0,uniandes
3471cbf5-bd39-4221-bc41-5ed7b71e7115,499.194981,2115.9,30.0,1920.0,1440.0,bristol
34af64b6-2135-43dc-9a33-2899d92a0c8e,474.678313,1018.2,30.0,1920.0,1440.0,bristol
34de7377-879e-4f37-bd0a-9aab8593210f,343.362468,1160.36,30.0,1920.0,1440.0,bristol
35080724-6604-401c-8b06-19b7cece3d45,73.780086,116.4,30.0,2560.0,1920.0,cmu_africa
3534864b-2289-4aaf-b3ed-10eeeee7acd2,667.047861,2906.13,30.0,1920.0,1080.0,unict
3558a7e6-5c41-4035-b6cd-954311d2862c,113.035723,144.87,30.0,1920.0,1440.0,cmu
356661f5-767b-495d-95c7-03dcc46f85c6,700.294688,3744.37,30.0,1440.0,1080.0,kaust
358b8b7d-ca51-4470-9030-5d14e9d21abf,2068.672571,5799.99,30.0,1440.0,1080.0,iiith
359373c1-2443-4888-89b0-45d34bda147d,66.804459,278.73,30.0,1440.0,1080.0,unict
35ab724d-5dba-4094-927b-e7bc5ad8cf41,580.546493,1452.43,30.0,1920.0,1080.0,minnesota
35b10335-0485-4d1f-8fa2-d4aeab8a022c,1509.265491,5827.53,30.0,1440.0,1080.0,iiith
35bec14e-4ad3-4e51-8bb5-9ae52c098d30,131.744105,353.88,30.0,1440.0,1080.0,iiith
35e0e637-ea14-40a6-b930-a0d063aef5d4,54.997632,298.56,30.0,1440.0,1080.0,iiith
35fa3da9-4e1a-4d02-b4e2-98ff0db7ce05,66.394222,178.58,30.0,1920.0,1440.0,utokyo
36224c74-dfb0-44c0-a59e-e35d874f39e7,168.99809,479.75,30.0,1920.0,1440.0,bristol
36248b1e-9ba7-4789-bbf5-b9e33e3ab408,102.053675,412.13,30.0,1440.0,1080.0,kaust
36275bce-bd4d-44e8-b728-8587a73f8d79,1723.419914,810.69,30.0,1920.0,1080.0,unict
36420847-b741-4b86-9a31-3a5bb4e296bc,1724.41361,5167.24,30.0,1440.0,1080.0,iiith
365239c4-d5e8-4616-a3ee-b529d542f230,698.416837,1354.43,30.0,1440.0,1080.0,kaust
3661bbd5-7eab-4e2c-93a7-188a758b9f48,61.622226,497.27,30.0,1440.0,1080.0,kaust
3663482b-968f-4956-8fb8-0b127a4233ec,540.274276,4090.43,30.0,1440.0,1080.0,kaust
3668b860-3151-4eda-a005-c730398f7c0a,174.049386,291.8,30.0,1920.0,1440.0,utokyo
366b71ad-3f35-4704-b6ef-e793c7e73ac6,612.055956,1329.87,30.0,1920.0,1080.0,minnesota
3694d563-623d-4b67-95f4-11d044ad4e9c,4440.399549,1130.23,30.0,1920.0,1440.0,cmu
36baa5a9-16bf-4ad6-b011-4d7daae6b8f9,1009.32629,1800.13,30.0,1920.0,1080.0,minnesota
36bff607-9c5d-43f4-97d2-38ad79e5220c,639.592331,4156.87,30.0,1440.0,1080.0,kaust
3728f856-0d47-4614-824f-37b6dda8e357,784.431656,1322.73,30.0,1920.0,1080.0,minnesota
374832bf-f977-4e8b-b0e0-2f2ea1e38b5d,604.016177,1505.64,30.0,1920.0,1080.0,unict
37582977-97fb-4df7-bc26-3a95af124730,406.642868,1809.23,30.0,1440.0,1080.0,unict
375ca7e7-1e3c-4159-9f7f-4691ef11f322,599.51465,1303.94,30.0,1920.0,1440.0,bristol
37af7bbe-2267-4987-9ee8-26bdda093916,257.216065,691.67,30.0,1920.0,1080.0,minnesota
37d15286-c39e-47d1-8d4f-a59f12417dea,316.766535,1216.67,30.0,1440.0,1080.0,iiith
37d183ce-ba64-4ad2-8a54-ae2fb791fd38,116.476855,1058.09,30.0,1440.0,1080.0,iiith
37dac5fa-d946-472f-a703-db8734f164c8,358.097589,1063.05,30.0,1920.0,1440.0,bristol
37efc685-767a-492e-b2c3-d60833ee8232,211.693668,636.17,30.0,1440.0,1080.0,kaust
380de10c-99d3-4270-b908-6765c388a116,1533.802613,785.57,30.0,1440.0,1080.0,unict
3817b065-3d46-44ff-b6a6-8c4d646165f2,317.578775,1415.43,30.0,1440.0,1080.0,kaust
3827b055-911f-4aff-8a00-7c92280faa1f,815.173389,1910.13,30.0,1920.0,1440.0,bristol
3834d222-855b-4a13-aee8-0009b35bf56a,745.417328,1154.53,30.0,2560.0,1920.0,cmu
38473fe0-8311-44f0-a976-46a1eef5c6d6,127.190789,306.47,30.0,1440.0,1080.0,unict
386013e0-6a53-45f6-a840-3d12dda4c4a8,113.956069,1145.7,30.0,1440.0,1080.0,unict
3863821d-786d-4ce1-8cd3-5c56953d4ff7,304.823741,818.3,30.0,1440.0,1080.0,unict
387efde9-a42d-4b64-8b18-ad19e4202d98,541.294215,226.62,30.0,1920.0,1080.0,unict
387f7124-1a0a-43d3-b42d-59d2f5cee438,421.521961,1436.75,30.0,1440.0,1080.0,kaust
38802829-2f8b-4023-b00e-23c00570b820,383.285814,2980.43,30.0,1440.0,1080.0,unict
38847787-e598-456d-a246-f7159fcbbf93,119.337838,426.71,30.0,1920.0,1080.0,unict
389eea41-7ac5-4bcb-86c7-5a70f064c44f,571.034103,1800.13,30.0,1920.0,1080.0,minnesota
38a1e1f1-b490-4ce2-97e1-2fa7305ac3db,624.59134,2657.5,30.0,1440.0,1080.0,kaust
38a66acf-33c8-4ed5-b814-7322087b2e21,1757.839336,4786.77,30.0,1920.0,1080.0,uniandes
38a7b760-56f9-4565-8b70-f8dad5768ace,662.906299,1800.0,30.0,1920.0,1080.0,minnesota
38b3361c-49cb-4e45-a781-71581962769a,5.087919,15.17,30.0,1920.0,1080.0,minnesota
38ead8a1-4d57-4bfb-b7dc-a9785b22f93a,455.524252,2976.93,30.0,1440.0,1080.0,kaust
38f872c3-7300-4c7c-a2be-614ddb415ce7,1721.731735,2580.1,30.0,1920.0,1440.0,bristol
3906d25a-d0a4-4a7c-8906-a87cea106c66,819.876218,2421.93,30.0,1440.0,1080.0,unict
390715f4-94ea-4447-82da-69d10ab25086,316.613567,537.26,30.0,1920.0,1440.0,utokyo
391d3aba-45ea-4b6d-a8b1-044170686984,52.041153,133.37,30.0,1920.0,1080.0,unict
392b632b-40b1-4fb0-92cf-dc17044472ca,512.312277,2069.33,30.0,1440.0,1080.0,iiith
3989cc0b-e250-40d3-a533-572e9420a931,689.568062,1378.83,30.0,2560.0,1920.0,cmu
398ad750-86ea-4298-a97a-b6b689f1ad13,43.197209,359.87,30.0,1440.0,1080.0,kaust
39af7641-e376-4a99-977f-4d7f746e14ba,756.977168,2061.56,30.0,1920.0,1080.0,frl_track_1_public
39d0559a-d1e8-4fca-b7f4-db87bbbbde7e,1246.541252,3676.98,30.0,1440.0,1080.0,iiith
39d087b0-afc2-47d8-ba91-b70dd8fab90e,251.761851,3225.57,30.0,1440.0,1080.0,iiith
3a03f541-a520-4b67-87b2-f9c79f9b54ee,376.207769,816.8,30.0,2560.0,1920.0,cmu_africa
3a158275-c4c2-4bde-a186-788341e43ed4,527.815961,1473.7,30.0,1920.0,1080.0,minnesota
3a1f2e91-b2ec-44da-a2bb-b8c0002179fe,156.595005,790.33,30.0,1920.0,1080.0,unict
3a441dbe-7d0e-4781-8fbb-d47342735581,777.309565,4232.29,30.0,1440.0,1080.0,iiith
3a481a46-928f-46fd-87e3-7725c5bcbbc9,61.152525,734.53,30.0,1440.0,1080.0,kaust
3a53bfdc-daf7-4bbc-bb9f-af449021d237,586.765213,1888.43,30.0,1920.0,1080.0,nus
3a821d95-cf27-4963-a1c7-d4e3f6c7c3c2,629.867358,1659.97,30.0,1920.0,1440.0,bristol
3a9464f8-5025-4a79-ac94-9e3d51f1ef49,721.266574,1861.26,30.0,1920.0,1440.0,bristol
3ab744ba-9969-452c-a825-38affebd4139,2155.071402,3190.59,30.0,1920.0,1440.0,bristol
3ae87694-c71b-4564-9aea-8d65ba9cc19d,969.986916,194.4,30.0,2560.0,1920.0,cmu
3b021bad-6945-4be2-a7db-44af3db1eae8,368.335164,3013.77,30.0,1440.0,1080.0,kaust
3b318882-0514-4713-b56e-d76c9810111c,467.363038,2802.57,30.0,1440.0,1080.0,unict
3b47e163-76ea-4eb5-9a99-afacf6fb41ec,134.241679,1313.67,30.0,1440.0,1080.0,kaust
3b4a581f-2de7-4089-a3aa-8a28cb920331,114.091919,682.64,30.0,1440.0,1080.0,kaust
3b609b23-f91d-43da-9918-ce928181f53f,419.781122,524.0,30.0,1440.0,1080.0,unict
3b8a77f0-153c-4e93-82f9-ae2aa84596ed,443.152607,1799.77,30.0,1920.0,1440.0,bristol
3b980a7b-b0a9-4672-a8c7-b3c759815b3a,2217.709323,8200.23,30.0,1920.0,1080.0,uniandes
3b989129-a310-4aa9-85f5-e5e9a90df99b,247.907547,1813.87,30.0,1440.0,1080.0,kaust
3ba731dd-156e-419b-80de-c19d4f88aa7d,378.60196,708.03,30.0,1920.0,1440.0,utokyo
3bbf723b-6893-42fc-bd59-3c59f3eb9745,279.6477,908.73,30.0,1920.0,1440.0,cmu
3bd5bf35-d6ac-43b2-ab75-1558a37c8550,1789.808125,3738.85,30.0,1440.0,1080.0,iiith
3be1075c-d217-4dfa-9931-0519acdabf88,405.569442,1792.53,30.0,1440.0,1080.0,unict
3c0a04d4-ae07-4150-94ee-e4b4e4ac742f,80.232391,219.87,30.0,1920.0,1080.0,minnesota
3c0dffd0-e38e-4643-bc48-d513943dc20b,301.234345,644.77,30.0,1920.0,1440.0,bristol
3c2172aa-da7a-4ed2-859a-6e151a74a47f,310.352367,612.29,30.0,1920.0,1440.0,utokyo
3c503e88-f70f-4b36-b863-f0b96f5836fb,618.544691,1637.57,30.0,1920.0,1080.0,unict
3c7f716e-b3c3-4e9b-96a4-b5997a29a3e7,679.653059,1946.5,30.0,1920.0,1440.0,bristol
3c826d8a-22b9-4083-a315-2aeee7bde095,461.251166,1164.35,30.0,1920.0,1440.0,bristol
3c9ce1b1-9eaa-4e3d-9ebb-91f9d904178e,717.490232,2910.7,30.0,1440.0,1080.0,kaust
3cabe3f6-fdf2-4471-8156-72ed546cd1ff,1305.56681,3952.27,30.0,1920.0,1440.0,cmu
3ce37765-7d70-4dd6-991c-a83286ba05b2,6512.485481,2723.7,30.0,2560.0,1920.0,cmu
3d06684b-1cfb-45f0-8321-57c1635e590a,350.862243,1476.09,30.0,1920.0,1080.0,nus
3d3efb83-4b41-41e3-94db-50f0f22e67ef,5749.955245,5545.27,30.0,1440.0,1080.0,iiith
3d3f58f6-5055-4d70-aaf9-15cc853d7c5d,144.663756,969.13,30.0,1440.0,1080.0,unict
3d50d232-3eac-4d89-ad59-9c08b944f525,384.743038,1964.46,30.0,1920.0,1440.0,bristol
3d751dba-7897-4ad2-8baa-2569f32dbe6d,439.124007,1667.53,30.0,1920.0,1440.0,bristol
3d8f5230-0c22-4018-86b0-e6d851b74b11,935.377292,1097.62,30.0,1920.0,1440.0,bristol
3dbe950d-163c-40a4-9590-494748e1dd39,5477.152529,10567.5,30.0,1920.0,1080.0,uniandes
3dc2e9fc-16b0-44ad-b50b-3bb5bb099d60,21.470635,224.93,30.0,1440.0,1080.0,unict
3de24d73-5871-4b33-9984-af311383f5d9,12.60581,54.87,30.0,1440.0,1080.0,unict
3de33b96-42ce-410b-ad17-231c9da3d4f9,442.393685,625.37,30.0,1920.0,1440.0,utokyo
3decc0f8-9806-40dd-83d5-26c495dd7830,4866.559846,10635.0,30.0,1920.0,1080.0,uniandes
3df50de7-7ef7-4938-9cdb-fb2d07751084,4880.407796,8657.53,30.0,1920.0,1080.0,uniandes
3e057cdc-bf48-4090-81d6-b66bb18542e7,2032.802512,17690.3,30.0,1440.0,1080.0,iiith
3e08beb0-9108-4e77-b2ae-80f91ceac474,120.446451,603.83,30.0,1920.0,1080.0,unict
3e1791bb-5b42-4946-83aa-152a7f155cac,290.792882,1811.45,30.0,1920.0,1080.0,frl_track_1_public
3e1e342d-a221-4c40-af4f-7ccd633b466a,690.810365,3720.76,30.0,1440.0,1080.0,iiith
3e3cb9f5-dc38-4210-b07a-badd9a996c13,566.385464,4631.33,30.0,1440.0,1080.0,unict
3e4ffe07-a54f-42b6-9a0b-b093adad26e8,2373.505116,10887.4,30.0,1440.0,1080.0,iiith
3e63e11a-44f6-4094-9010-e549c60e155d,98.538541,428.73,30.0,2560.0,1920.0,cmu
3eb0829f-6f33-46b6-b491-c6c53200de4b,483.098961,703.19,30.0,1920.0,1440.0,utokyo
3ebf3a34-7ef0-4aef-9a52-c9f812f81b8c,42.965304,82.13,30.0,1920.0,1440.0,cmu
3ec3eab7-842d-409d-8866-42ddcbd24cd9,541.30095,1334.5,30.0,1440.0,1080.0,iiith
3ec84720-2ef4-4537-be8b-ecd37cbbb62b,827.074613,2013.57,30.0,1920.0,1440.0,bristol
3ef71673-7e7b-4a24-a5f7-a4e291a07601,23.400861,90.2,30.0,2560.0,1920.0,cmu
3efbad19-b258-443a-8f71-d4f7e4f8aef1,1003.936501,1818.22,30.0,1920.0,1440.0,bristol
3f0aa3e8-6c8c-4eab-ad6e-00d3876768d8,1114.421157,3651.82,30.0,1920.0,1440.0,bristol
3f0bd238-228d-4796-a3e4-820308fb04b0,144.666156,532.03,30.0,1920.0,1440.0,utokyo
3f19900e-6ea1-437c-b43f-8422771fd067,657.093866,3367.3,30.0,1440.0,1080.0,kaust
3f2b1d67-50ef-4005-95d3-4cba5bd10b4b,362.544788,642.49,30.0,1920.0,1440.0,bristol
3f38e607-c9d0-43fd-8ba8-952f73fa8e64,889.236414,1058.09,30.0,1440.0,1080.0,iiith
3f4bc54e-cddd-4255-973a-e9717de113dd,72.46688,114.0,30.0,1440.0,1080.0,unict
3f6e7d56-6bf0-43d6-81cf-2bd11827455e,946.596242,1037.77,30.0,1440.0,1080.0,unict
3fa54ca6-3988-4a7f-9295-41236f4ee925,85.45552,261.33,30.0,1440.0,1080.0,unict
3fa64efd-45e8-412e-a665-914d0cfda32e,127.699599,523.44,30.0,1920.0,1440.0,utokyo
3fafab49-f9a6-4781-912c-c60a91dec5cf,233.884489,563.33,30.0,1920.0,1440.0,utokyo
3fc288bb-1082-4ec5-96a7-75bb61144b11,207.298544,587.37,30.0,1440.0,1080.0,unict
3fc60e72-91ad-4320-bd07-1cf753f4a5f1,5800.555906,2436.22,30.0,1920.0,1440.0,bristol
3fdd2474-3cc2-41af-b18b-216ec3bd0300,632.859011,664.1,30.0,2560.0,1920.0,cmu_africa
3fe80cfa-8dba-4fb6-9c27-b835de536130,305.522567,708.01,30.0,1920.0,1440.0,utokyo
3feecf60-787b-4472-ab8d-a5b49c51d1f4,27.244751,153.0,30.0,1440.0,1080.0,iiith
3fffb452-1c17-43fa-b473-c9e19ac21433,684.190856,3731.73,30.0,1920.0,1080.0,unict
40067da0-8e8f-4ca3-b652-07a5b847e460,183.373989,1637.3,30.0,1440.0,1080.0,unict
40359e3f-931e-4c0b-8d8b-a87d1773320f,1006.164655,2403.39,30.0,1920.0,1080.0,iiith
404cc1c1-f7a0-4e16-9a39-b8e2d5d9ae59,386.409213,640.15,30.0,1920.0,1440.0,utokyo
4066339d-b061-4550-a8fa-988fc4861714,260.100517,694.17,30.0,2560.0,1920.0,cmu
406c7c13-4390-4c19-99c6-68861245da0d,183.582481,483.0,30.0,1920.0,1080.0,minnesota
406dd4ef-ac1e-48cc-be05-40dab5979549,894.379227,1815.78,30.0,1920.0,1440.0,bristol
407f8e81-9a21-4d21-ac02-dff9058fe61d,169.500867,636.33,30.0,1440.0,1080.0,unict
408cd48d-2156-4d5c-b8fd-8beccf301066,259.146468,1770.13,30.0,1440.0,1080.0,kaust
408e2503-3c1e-46bb-b3d1-39c41a11d361,88.53192,150.63,30.0,1920.0,1440.0,cmu
40a4de2a-a6e6-46eb-a7cf-cd79fae7c5f8,833.484226,1786.07,30.0,1920.0,1440.0,bristol
40a7470c-f3ed-41d4-956a-4b65f97e895a,1482.025525,1215.9,30.0,2560.0,1920.0,cmu
40a83cc4-0e1e-4de4-8a7b-d028ecd0c214,189.148016,1362.7,30.0,1440.0,1080.0,unict
40c47385-aa06-4a89-a31a-534421d19aa9,1102.271851,1704.33,30.0,1440.0,1080.0,kaust
40eeac41-9ec3-4960-b0b3-77074a6ad5b3,450.767002,1991.33,30.0,1440.0,1080.0,unict
411879b5-9776-4ffd-9af5-66897a078bed,120.868418,788.98,30.0,1440.0,1080.0,kaust
41309ada-0a81-47b2-bdd1-453a178db18a,787.471025,1219.4,30.0,1440.0,1080.0,kaust
41416e77-3b9a-4685-bd1b-ba26b5ba19b2,129.916278,516.65,30.0,1920.0,1080.0,unict
414f3e08-b515-4c9b-9d9f-eeccf586fb3a,1174.734759,1845.37,30.0,1920.0,1440.0,bristol
41513f7d-7445-4b72-a33c-bfcdb999b3be,490.964051,1846.17,30.0,1440.0,1080.0,kaust
4194c6fa-04c4-4206-a7a5-f3f9d6cb2cec,291.423793,2658.03,30.0,1440.0,1080.0,kaust
41ce196f-1726-4077-887f-060674b4f338,354.811755,380.2,30.0,1920.0,1440.0,cmu
4220db3a-4708-4fd1-ab67-0ef1586906cd,459.993437,1420.8,30.0,1920.0,1440.0,bristol
42263a6a-e984-4dd9-82db-a43d6e879c8f,242.773763,2665.43,30.0,1440.0,1080.0,kaust
424d302f-9765-4f7a-9945-366d4f789136,700.309567,375.4,30.0,1920.0,1440.0,cmu
4252f2a4-4dd8-4b46-9e90-3b46dc49520c,112.623173,118.5,30.0,2560.0,1920.0,cmu
4258e010-c431-4598-9de7-9b366533365d,894.712491,1370.73,30.0,1920.0,1080.0,minnesota
4263ebaf-24c3-4f8c-b85e-3feed08daf97,267.748032,2484.79,30.0,1440.0,1080.0,unict
4267a3f1-0903-4272-9085-3ef9364c288b,861.557259,2576.87,30.0,1440.0,1080.0,kaust
429f6fd5-d841-44b3-a433-347421c06a5b,274.030488,553.9,30.0,1920.0,1440.0,bristol
42b65bdb-2a6d-4783-9584-f36a1c615c2d,739.80238,309.5,30.0,1920.0,1080.0,iiith
42c4f68b-e0f5-4c83-8de3-bda993ae3a16,693.081027,547.3,30.0,2560.0,1920.0,cmu
42cb50e9-beec-45f2-83e5-048901ef65d3,415.381198,695.53,30.0,1440.0,1080.0,kaust
42d548dc-bb10-427f-a1fe-468f31bc0de5,313.914093,2106.17,30.0,1440.0,1080.0,iiith
42d72164-8f4a-49e4-8b95-b3ad423ba65b,537.91246,1739.97,30.0,1920.0,1080.0,uniandes
42e4a840-68a1-4992-923d-7452500b4218,349.011703,3190.3,30.0,1440.0,1080.0,unict
43299c49-5466-44c0-b786-1100467ef836,8.558526,20.57,30.0,1440.0,1080.0,unict
432cb803-6be5-47bc-8443-6bb5b9051667,417.099704,1823.73,30.0,1920.0,1440.0,bristol
433d0fc0-f6e9-46aa-8ec7-a6633cba6932,381.319264,822.1,30.0,2560.0,1920.0,cmu
433fb84b-4f39-4d31-9975-3185d8a9bac1,948.44884,2006.68,30.0,1440.0,1080.0,iiith
434a5651-9901-4b32-b782-d9a2bb52e805,2753.311512,3482.83,30.0,1440.0,1080.0,kaust
4371dce1-6911-4366-b36b-b62cb9b094b5,190.679231,259.23,30.0,2560.0,1920.0,cmu_africa
43811320-8b7b-418a-8fc3-414ceeef1ed8,376.06899,1805.0,30.0,1920.0,1080.0,nus
439a78ee-4776-4b70-9ac2-896f9f22f44c,330.288653,708.01,30.0,1920.0,1440.0,utokyo
43c06b48-36d0-482b-909b-bf0e84f1ab73,10.457462,92.9,30.0,1440.0,1080.0,unict
43d83207-9c41-46aa-90c9-e30a6194be11,545.224053,1541.87,30.0,1920.0,1080.0,minnesota
4403d338-d20a-4045-89d8-617f4f4769fc,468.86383,3065.97,30.0,1440.0,1080.0,kaust
44327c5e-9442-4334-b675-8019df3678af,639.666711,3396.77,30.0,2560.0,1920.0,cmu
4453ce6d-e2f9-45eb-8694-daf9057daacf,35.037692,241.57,30.0,1440.0,1080.0,unict
445af3d3-bc03-4228-9881-5f114f7d55c7,908.801627,3078.57,30.0,2560.0,1920.0,cmu
445fc552-20bf-49fe-adad-a5c5882f5c73,2067.081848,2336.65,30.0,1920.0,1440.0,bristol
4469a684-b4f9-4b50-a26f-2943f477a420,1437.73743,5355.5,30.0,1440.0,1080.0,kaust
4474c9c2-9d20-46fd-8fec-7d64942738e7,464.263311,786.51,30.0,1920.0,1440.0,bristol
448472cf-8cbb-4aa9-ae72-99ef72adae87,331.347627,4483.87,30.0,1440.0,1080.0,kaust
44a173ba-e836-4efc-b485-e94d6bbafa8e,125.707698,724.8,30.0,1440.0,1080.0,iiith
44e3114f-8654-48ee-97c5-9506311ba188,294.473964,1228.33,30.0,1440.0,1080.0,iiith
44ebf834-827a-4dcb-bbc1-98578c33c723,33.376066,346.43,30.0,1440.0,1080.0,kaust
44f4b12f-c41d-48cf-bbc9-05707873bba6,41.971097,125.23,30.0,1440.0,1080.0,iiith
44f4d3f3-728f-4013-9371-8e7d8b9408a1,538.102685,1392.3,30.0,1920.0,1080.0,unict
45199793-36b2-45e0-8649-2515afaffa3a,871.187133,4232.29,30.0,1440.0,1080.0,iiith
45219b12-3546-49ff-915a-e802739190c0,228.296229,486.33,30.0,1440.0,1080.0,unict
453dc4a1-57b2-4803-9156-cf30016c3a79,917.035844,4089.57,30.0,1440.0,1080.0,kaust
4572b198-2c1c-4920-bcf0-95fcebe12261,1162.312033,3003.26,30.0,1440.0,1080.0,kaust
457ddf5b-8154-4099-aadf-df0c08fe15a4,143.611881,898.97,30.0,1440.0,1080.0,kaust
458b9f39-85ee-4d6f-82ec-9d219cbe31cd,419.965457,1038.57,30.0,1920.0,1080.0,minnesota
45a39fe0-4674-40a7-84f2-ec24d301b73b,103.497158,466.54,30.0,1920.0,1080.0,unict
45a964e8-4eb3-4b41-b9d3-72b949294e27,570.425399,2175.36,30.0,1920.0,1440.0,bristol
45bf438d-0cbb-40b8-be95-58204bb3c6fe,399.293949,885.05,30.0,1920.0,1440.0,bristol
45c274b8-54e6-4187-9fd9-73c0b0ada28d,181.47454,2067.37,30.0,1920.0,1080.0,nus
45dc74e1-c8dd-443a-a7a6-ca4215144e97,208.816166,486.57,30.0,1440.0,1080.0,iiith
45e463b2-bdd5-407a-ab5c-8a5c5534e078,51.072532,226.75,30.0,1920.0,1440.0,utokyo
45f1559d-aec8-405c-b149-42c1a0999c03,352.524441,913.53,30.0,1440.0,1080.0,unict
45f1d2bf-9243-4903-b42d-742cc8b57299,1271.865292,4414.2,30.0,1440.0,1080.0,iiith
460e3501-ff8e-4dcf-b47b-c298b9c46006,45.520078,128.6,30.0,1440.0,1080.0,unict
461453ca-6e9d-4e59-82b1-3138e76b62a1,8274.928892,3675.47,30.0,2560.0,1920.0,cmu
461f3dd7-9283-4829-9710-888b8323656e,18.444168,61.59,30.0,1920.0,1440.0,utokyo
466019aa-4c4c-415a-b8b6-a87c0a61fe8f,1162.877998,1235.23,30.0,1440.0,1080.0,unict
4663fe50-1d7f-4213-a3d7-b1d29c86b998,55.936473,104.7,30.0,1920.0,1440.0,cmu
466c9201-dba2-44e9-93c4-82788ac6282b,221.302687,1252.71,30.0,1440.0,1080.0,iiith
46766cb1-52b9-4ce3-a413-abb4c9950136,599.638879,2145.27,30.0,1440.0,1080.0,iiith
46af7819-8dfd-4c3c-9b21-5ad0d9095580,279.193953,1058.09,30.0,1440.0,1080.0,iiith
46d00bf5-ed73-4e5f-84eb-9c880eec10d8,604.594337,2784.4,30.0,1920.0,1080.0,unict
46e07357-6946-4ff0-ba36-ae11840bdc39,216.421857,542.63,30.0,1920.0,1080.0,minnesota
46f5a400-654f-4aa3-8185-da5ea97bc1a6,536.560925,280.63,30.0,1920.0,1080.0,unict
46fe43da-974a-4212-ad44-b98c30296909,201.679306,3876.37,30.0,1440.0,1080.0,iiith
47078bd8-6b58-458c-8c34-8d905e21079a,289.338226,878.17,30.0,1920.0,1080.0,minnesota
473d22ab-824e-4d9a-8bc0-924d499694d0,42.16426,18.13,30.0,1920.0,1440.0,cmu
47411564-94e8-41e5-b3db-af5662d0780a,42.438647,184.34,30.0,1440.0,1080.0,iiith
47416649-3b1f-48d4-b6fa-c16c4400ce9e,237.037963,342.23,30.0,2560.0,1920.0,cmu
477feff8-a1ff-4f43-b726-273ca0fa47e9,1040.738576,2031.27,30.0,1920.0,1440.0,bristol
478d7fa4-b174-4266-b0ff-bd180ba0b806,795.669201,4939.49,30.0,1440.0,1080.0,iiith
479c4b6d-f278-40eb-9a7c-a193ff0d4bac,122.585539,52.37,30.0,1920.0,1440.0,cmu
47ba5fb2-0176-401d-8950-68df861c6bd1,518.131565,3380.77,30.0,1440.0,1080.0,kaust
47bb1fd4-d41f-42b4-8d0c-29c4e9fdff9f,72.280463,151.57,30.0,1440.0,1080.0,unict
47ecb48a-98ca-42d8-98c0-030c3166afec,239.939619,2435.4,30.0,1440.0,1080.0,unict
47ed7c1c-5b7a-4d4d-9d1c-def09dae5f08,592.759354,844.53,30.0,1440.0,1080.0,unict
483c9392-c844-4eea-a1ad-5fb4d8aec637,421.597214,1797.77,30.0,1920.0,1080.0,minnesota
484249cf-8898-4d7a-bb1f-18bcbcf4dce9,300.891157,599.5,30.0,1440.0,1080.0,unict
48475a9f-e11e-46f7-bdb6-398b44af344e,822.773004,2341.07,30.0,1440.0,1080.0,iiith
487ca35f-25c6-4e5d-9ba9-d079bc4c162a,18.481924,31.8,30.0,2560.0,1920.0,cmu_africa
487d752c-6e22-43e3-9c08-627bc2a6c6d4,21.635491,56.64,30.0,1920.0,1440.0,bristol
4884c61e-a61b-4ba6-8071-4314c6c217b6,520.311973,3799.5,30.0,1440.0,1080.0,kaust
4894e32d-7aab-4717-981c-9bfc1eac6aa4,742.14569,4497.93,30.0,1920.0,1080.0,unict
48acd7ed-cafc-494b-9e47-8dddcdf0fa75,573.501726,996.3,30.0,1920.0,1080.0,minnesota
48bba3dc-4134-43e9-b30c-20add38bfcc6,928.375741,3218.5,30.0,1440.0,1080.0,unict
48ca7acc-2b9c-46a9-ab11-be03bd1324d9,338.916567,1068.82,30.0,1440.0,1080.0,iiith
48e621af-81b9-46eb-adc5-bd6893ba22b4,92.823463,214.19,30.0,1440.0,1080.0,iiith
48f344b2-67e5-46ad-9eac-a995b24dcbc7,140.052079,3102.39,30.0,1440.0,1080.0,iiith
4930cced-9b84-464e-88ce-3990188efed6,883.048403,1800.13,30.0,1920.0,1080.0,minnesota
494723eb-9670-4d7a-bb23-ecc66fd6e258,716.239569,5270.41,30.0,1440.0,1080.0,iiith
495172da-f1f8-459e-bffa-e8cec7dfc52e,163.498403,1033.47,30.0,1440.0,1080.0,kaust
49559c6a-7419-42d6-811a-5a62c3d6ece8,147.827973,326.7,30.0,1920.0,1440.0,cmu
49a4bf40-c246-4093-ae93-9c26ce197a65,94.118675,769.27,30.0,1440.0,1080.0,unict
49d20f86-b516-49be-a27b-a450955c9f46,267.699111,2399.47,30.0,1440.0,1080.0,kaust
4a3d2db2-1b82-40b7-8a6e-52b6a2fe2b2c,608.166841,724.61,30.0,1920.0,1080.0,unict
4a3fe6c1-bfdc-4bbb-a430-3cc19fbd484b,104.191604,291.52,30.0,1920.0,1440.0,bristol
4a58fe42-9ebe-4dfa-a103-e577a151a3f2,967.943584,2194.53,30.0,2560.0,1920.0,cmu
4a867792-9dbc-4563-a7ec-7d423235e4e2,134.597345,387.93,30.0,1920.0,1080.0,unict
4a969457-e470-4533-9b1b-72904f5d7ff8,580.730831,1476.9,30.0,1440.0,1080.0,iiith
4abd8edc-4751-4a47-9808-696d960b7557,5648.434352,5774.63,30.0,1440.0,1080.0,iiith
4ac59908-3f13-4085-9479-7348b13803ee,229.952356,923.23,30.0,1920.0,1440.0,bristol
4ace159b-7af8-492b-9910-e14a5cb72d1a,1419.740595,4783.52,30.0,1440.0,1080.0,kaust
4adf81a9-0e72-4fed-b0d2-bb84246cb7b6,28.01948,294.83,30.0,1440.0,1080.0,iiith
4aeb7f3c-855a-4c66-b3d9-02b0eb963883,249.97368,474.35,30.0,1440.0,1080.0,unict
4b0025fd-2d90-44ca-850b-e0d2131f6af1,91.20701,1538.8,30.0,1440.0,1080.0,kaust
4b285020-fc23-4e14-b645-594111b65a36,1293.267186,813.47,30.0,1920.0,1080.0,minnesota
4b3153ab-c0dd-4792-ad9a-96abe1311da4,25.903868,1202.43,30.0,1440.0,1080.0,iiith
4b5de875-cc82-494e-b768-8ac0ae3bb279,563.495312,1974.23,30.0,1920.0,1440.0,bristol
4b63760e-3016-4a13-ad93-c9487a433a4c,627.459353,1602.57,30.0,2560.0,1920.0,cmu
4bb74f1a-1892-4415-a976-2b6db639f949,230.964803,420.6,30.0,1920.0,1080.0,minnesota
4bc033f3-9bfe-4b00-8595-09148707bb02,1147.761027,2467.07,30.0,1920.0,1440.0,bristol
4bddae9e-8ffb-4a03-9421-adf6268d91b6,158.683793,427.8,30.0,1920.0,1080.0,minnesota
4bed357e-d721-4ab4-b1ba-9d68fcfdfd27,2379.319972,1890.26,30.0,1440.0,1080.0,kaust
4bf4de54-4d9d-4067-a531-c387e22036a4,98.787868,300.2,30.0,1920.0,1080.0,unict
4c2ea5f1-64a3-41d4-9ce4-e1ea443720b3,837.752952,1515.63,30.0,2560.0,1920.0,cmu
4c45d8f4-e026-4ca3-a1e4-6d32da434469,395.85915,2567.07,30.0,1440.0,1080.0,kaust
4c53aaac-76f0-4874-ab1c-738286b9698e,724.555755,1741.57,30.0,1920.0,1080.0,nus
4c642620-db0e-4096-9ece-2b2c6fdb47b0,781.793008,4389.9,30.0,1920.0,1080.0,unict
4c7e1e67-a4ad-46d1-af91-caa8afe3e1c8,341.565777,3782.54,30.0,1440.0,1080.0,iiith
4ca97ff8-bc2a-462b-b4c9-b1a878564bea,188.121322,513.43,30.0,1921.0,1080.0,uniandes
4ce13c92-8094-48a2-9e81-2a597d992aad,465.818586,1266.87,30.0,1920.0,1440.0,cmu
4ce9f93b-f44c-46fe-9050-3452d2f39abb,2823.616176,4232.29,30.0,1440.0,1080.0,iiith
4cef0e73-9dbc-41d0-9b1a-bb655fb2a716,154.008325,1802.05,30.0,1440.0,1080.0,iiith
4d19cd93-f45a-4b94-aecd-6a4be2e524ec,976.758705,1582.63,30.0,1920.0,1080.0,minnesota
4d1b11b2-e53a-40a5-a3a5-2b2441c60e17,551.097339,1765.27,30.0,1920.0,1080.0,nus
4d24d57d-96ba-4ea1-9542-ee0520d20d3e,7049.125983,2013.13,30.0,2560.0,1920.0,cmu
4d2bcd02-212e-4796-abaa-f4aa46b7ed10,3937.178936,1999.53,30.0,1920.0,1080.0,unict
4d3e69ae-8433-453d-a5ce-bcaf6b22bda5,344.685791,531.57,30.0,2560.0,1920.0,cmu
4d620f82-6792-49eb-8bd4-e831a252c70b,470.862412,968.03,30.0,1920.0,1080.0,minnesota
4d76c2c7-c6a2-46a6-bc94-0033c629f040,8501.633313,3616.37,30.0,2560.0,1920.0,cmu
4d770048-cfde-411f-ad53-e4d57a7dd0d1,76.969563,461.83,30.0,1440.0,1080.0,unict
4d836cd7-d7fb-411e-bd50-79b92f5e5bfd,836.64597,1800.13,30.0,1920.0,1080.0,minnesota
4d89d233-dbcf-4ea2-a90f-9a2c3b42d1d5,642.494414,1887.03,30.0,1920.0,1440.0,cmu
4d980c7b-3e02-47ff-8a11-af55d04a8c4d,35.499206,231.67,30.0,1440.0,1080.0,unict
4dab2e2a-6f27-4c5f-ae51-c39613e0d62c,300.765837,2579.97,30.0,1440.0,1080.0,kaust
4dc1caff-6353-4a05-9382-92031b25f783,2089.212295,3643.36,30.0,1440.0,1080.0,kaust
4dc43a57-8ba2-42e3-b870-8bc441500865,153.586359,177.33,30.0,2560.0,1920.0,cmu
4dc6ab73-b1e1-42c9-9307-50b1f455e50c,6.169207,26.2,30.0,1440.0,1080.0,unict
4dcf1151-b0dd-49e8-8e76-3d0075d4c3f7,67.406623,129.7,30.0,1920.0,1080.0,minnesota
4dd9015c-6d8c-4b64-b5ed-e284226b738a,4754.1577,2768.1,30.0,1440.0,1080.0,unict
4ddc86f9-f3a5-4a0b-83f0-9c690b7cc1ad,677.317428,1534.77,30.0,1920.0,1440.0,cmu
4de25e28-5a34-4fbe-bc83-200d513b4d9a,522.340863,1755.17,30.0,1920.0,1080.0,frl_track_1_public
4e08833b-5ba6-43e5-aab0-9f8063de5326,257.943096,2122.56,30.0,1440.0,1080.0,iiith
4e0f3560-0a0b-4952-b5d7-1e98c3734f0b,303.344326,852.17,30.0,1920.0,1080.0,minnesota
4e258eca-edcd-4fbf-92bb-b03749e3c531,97.260339,191.9,30.0,1920.0,1440.0,cmu
4e3fc1e9-424f-4921-9068-d468c135f347,74.735237,283.97,30.0,1440.0,1080.0,unict
4e554e70-de52-4f24-b5f0-78012b57c5c2,948.539556,3767.62,30.0,1920.0,1440.0,bristol
4e5663cd-24ba-4461-8d6f-665a45c97dfb,44.490885,623.51,30.0,1440.0,1080.0,iiith
4e71b2dd-3b4a-4845-9398-38ba9205880a,301.372033,583.08,30.0,1920.0,1440.0,utokyo
4efdd63d-515c-401a-a5b0-e2c84cbee0e6,22907.787785,10631.1,30.0,1920.0,1080.0,uniandes
4f11d6b8-1f78-4d99-9b34-7b89bc007b25,4750.363707,2103.57,30.0,2560.0,1920.0,cmu
4f2b15a4-9802-4ed7-8911-4b8c352ff10a,6.475306,64.6,30.0,1440.0,1080.0,kaust
4f52acb9-9f42-4424-a4ac-2d3bc8fd5a5f,870.697474,1968.13,30.0,1920.0,1080.0,bristol
4f7fb690-4ee7-4555-87bd-0fe6171b4239,1419.331834,5863.97,30.0,1440.0,1080.0,iiith
4f8112b1-0d67-44e3-aa48-117a13ffbc60,1583.766054,3763.53,30.0,1920.0,1440.0,cmu
4fa75795-ddc4-4582-9715-bb7887439263,291.404334,507.2,30.0,2560.0,1920.0,cmu_africa
4fa9f4e0-3947-45ed-b90e-846cacf97065,16.848412,101.7,30.0,1440.0,1080.0,iiith
4fb7c667-64aa-412c-a2ac-c86ff47ac950,1134.113531,1802.51,30.0,1920.0,1440.0,bristol
4fc422f7-d6e1-454b-b11c-f6c2a4b9fbcb,234.007699,1005.41,30.0,1920.0,1440.0,bristol
4ff7eacb-814a-4362-9ce2-a439e8cb7786,413.80825,782.74,30.0,1920.0,1440.0,bristol
501d1e55-968d-4c10-9d29-e0f4bee907a0,1276.726165,977.67,30.0,1440.0,1080.0,kaust
502debb3-c5f1-4dba-b2d4-b191d40da77a,9641.384,7863.63,30.0,1920.0,1080.0,uniandes
5036befb-ecf4-4a8b-a9a7-d6aeafaaa462,316.156153,347.23,30.0,2560.0,1920.0,cmu_africa
5037539c-b8fc-411b-8617-b541d0f3c1a9,1263.35706,635.73,30.0,2560.0,1920.0,cmu
504315c0-17fd-4259-9d2c-fd2b25fdcbea,884.845165,1276.48,30.0,1920.0,1440.0,bristol
50444259-3a59-4f0a-b846-ac0c1b32b5ca,288.107668,1340.86,30.0,1440.0,1080.0,kaust
50839db0-89c0-43ee-b558-376783e20591,28.452175,278.93,30.0,1440.0,1080.0,unict
509160ad-d4be-4e15-87d1-fd739a18fb14,646.841158,373.83,30.0,1920.0,1440.0,cmu
5093842e-7cf9-4509-bf04-6e0ec6b75b27,193.812842,1427.33,30.0,1920.0,1080.0,unict
50951563-e71f-4343-87d5-fec9792fb5ed,184.706864,878.05,30.0,1920.0,1440.0,bristol
50a395ca-e434-46f3-a2f8-67fc4ca3874b,484.067478,1867.33,30.0,1920.0,1440.0,bristol
50e55c8f-b939-4b5c-86b5-e0b53d199d27,631.15844,3233.3,30.0,1440.0,1080.0,kaust
50f3b696-607d-4a2b-964d-58f4ebd7f019,1349.755901,5492.2,30.0,1920.0,1080.0,unict
50f60d14-4b1f-4f7f-971b-f887aa3e0320,617.374579,4131.04,30.0,1440.0,1080.0,kaust
51143921-71de-48a0-9403-3e7ee2fb914b,451.367281,1496.57,30.0,1920.0,1080.0,frl_track_1_public
51224e32-3d6c-4148-9eea-7b73da751f25,137.223791,531.27,30.0,1440.0,1080.0,unict
5122adb8-0559-4f92-8077-4a99463ca09d,216.804953,1950.22,30.0,1440.0,1080.0,iiith
51364391-163c-484c-8de5-122abb5898de,763.934128,1800.13,30.0,1920.0,1080.0,minnesota
51378d03-1fb8-481f-8e40-fb947567d25d,82.424618,614.2,30.0,1440.0,1080.0,kaust
51617b89-1624-465a-8aa5-f664e29d7771,2242.551753,2365.17,30.0,1920.0,1440.0,bristol
516203a8-70b3-4e9f-8279-f7bb92a95c81,578.779295,1800.17,30.0,1920.0,1080.0,minnesota
516ba1f4-5cfd-4dd7-b4b6-a4c0605d1281,321.118762,1923.8,30.0,1440.0,1080.0,iiith
516c9abc-dbf3-4f87-b78e-db0ab9d657ea,421.760605,2573.73,30.0,1440.0,1080.0,kaust
5185ad85-6751-481e-8b28-2d93d2e20770,590.283504,1013.0,30.0,1920.0,1080.0,minnesota
518f1a3e-f62f-4889-b2fb-de94146e254f,144.993001,1049.8,30.0,1920.0,1440.0,bristol
51a00118-c4f0-443c-ac0a-269fcd6c2119,104.167492,597.01,30.0,1440.0,1080.0,iiith
51fc7393-cb83-4178-9ade-6c7853a001e0,1246.769629,2747.37,30.0,1920.0,1440.0,bristol
521fdc77-c206-4e2e-9bc0-8c7c5e25beac,4090.904707,1063.2,30.0,1920.0,1440.0,cmu
52594838-2533-465c-8be4-2d86e9fe5ef1,274.024509,360.53,30.0,1920.0,1440.0,cmu
526a15e9-39a2-49a0-ba0b-83da2e276b09,450.942702,708.03,30.0,1920.0,1440.0,utokyo
526d389b-a187-4c63-a5c6-c36bd66266b6,152.834015,953.07,30.0,1920.0,1080.0,unict
5270445d-7167-4300-a495-8a30774ebeac,101.4995,153.3,30.0,2560.0,1920.0,cmu
52925c77-6be9-4953-9a06-993110acf76d,840.599683,1063.13,30.0,2560.0,1920.0,cmu
52b42c33-ac42-435a-aef0-2b00d43516ec,788.716667,1559.28,30.0,1920.0,1440.0,bristol
52b99e0c-0f75-43fd-abbb-84ae2389c9c4,22.758094,128.83,30.0,1440.0,1080.0,unict
52c312b2-b47d-498d-a368-20db6a8bc879,521.620024,2729.96,30.0,1440.0,1080.0,unict
52d248bf-0d93-4418-a767-c4dd3cc2d668,480.321716,1293.77,30.0,1440.0,1080.0,unict
52d94d3d-5e0b-4bdb-9048-55dcf06b4f9d,1280.885356,956.2,30.0,1440.0,1080.0,unict
5315437a-2530-47e5-a0e4-4ac656c7cfa4,1053.734922,1372.07,30.0,1440.0,1080.0,iiith
5330b145-fe2b-4741-90ee-4e9da735fa60,376.775944,737.8,30.0,1440.0,1080.0,kaust
538c2f0a-f89e-47b5-b012-047a1b98de27,1086.594241,3361.3,30.0,1920.0,1440.0,bristol
539f4a3a-06ae-4432-8fa9-d2c7d147a71c,14.338219,18.9,30.0,2560.0,1920.0,cmu
53da674a-089d-428a-a719-e322b2de002b,616.932518,4558.1,30.0,1920.0,1080.0,unict
5400df89-4d96-48db-a472-530ed2ed9b7a,344.235977,886.8,30.0,1920.0,1080.0,minnesota
542bd8e2-37a1-49be-8f4c-0fedeb1cc9f1,195.187048,481.4,30.0,1440.0,1080.0,unict
54337e20-df12-4133-9e34-618e0381265e,154.847255,261.9,30.0,2560.0,1920.0,cmu_africa
543ac6fc-9f77-4cdd-b7fe-6721cb037916,55.932251,289.73,30.0,1440.0,1080.0,unict
543e4c99-5d9f-407d-be75-c397d633fe56,184.752584,505.43,30.0,1920.0,1080.0,minnesota
543e7281-50c8-4189-b4f8-ef3bbed83ed7,261.554465,2116.16,30.0,1440.0,1080.0,iiith
5461912b-69cd-40d7-8f79-50832f92f049,325.57943,1058.09,30.0,1440.0,1080.0,iiith
54676f57-9218-4c14-8b4e-116e61797de8,275.016602,1810.8,30.0,1440.0,1080.0,kaust
546a1aed-676d-44ed-a63c-8db89fa4d935,276.289235,456.13,30.0,1440.0,1080.0,unict
546e4806-a7f5-46bd-bf65-7737db2c5594,510.123835,2168.07,30.0,1440.0,1080.0,kaust
54843f87-c3c1-40a3-910e-5e72540995d5,599.273379,2044.15,30.0,1920.0,1440.0,bristol
54891e75-89de-4ef5-9ee0-9c628cc75e3d,2738.454251,1317.23,30.0,1440.0,1080.0,unict
54a1c38b-6d19-4ec9-bd71-189a1b4ff67a,96.167954,224.32,30.0,1440.0,1080.0,iiith
54d4c567-1b9d-448c-a60d-d7911fe7b95d,5.409682,26.0,30.0,1440.0,1080.0,unict
5507440a-595e-4049-b43b-ac7c9bbae1a9,414.710512,1190.1,30.0,1440.0,1080.0,iiith
550be319-373f-4e4a-8049-ca6deed20b00,14.567749,96.4,30.0,1440.0,1080.0,unict
55301af6-c76b-45ae-a7b0-0135f9b5c06e,309.012686,973.9,30.0,1440.0,1080.0,kaust
5538b578-1cec-4397-8bf2-66bacee94631,6683.058672,5859.36,30.0,1440.0,1080.0,iiith
554d4ede-fc51-4b98-9f00-ecba89fc5dc0,719.298423,1800.17,30.0,1920.0,1080.0,minnesota
55510a84-858b-4857-bb9f-6a923b5f7882,83.887588,408.47,30.0,1440.0,1080.0,kaust
555ff1a5-c30b-434c-a251-b5105cdc1fb9,414.404538,2985.46,30.0,1440.0,1080.0,kaust
5561b2db-34ca-4ec5-b21e-4cc3330a2a9d,2815.086901,2097.97,30.0,2560.0,1920.0,cmu
5570f41c-4521-4d20-bc90-6b361f7bcff2,651.006289,255.06,30.0,1920.0,1080.0,unict
557593d6-bb25-437e-8a9b-e856fe8147b3,78.175416,254.25,30.0,1440.0,1080.0,iiith
5577fdcb-744c-4cbe-9de9-aba8fdfe8dd4,1414.154404,1800.0,30.0,1920.0,1080.0,minnesota
558a082a-fcae-4cae-bcfc-5f69be53e497,13.970742,74.4,30.0,1440.0,1080.0,unict
559ddb1f-f0c0-4d27-b2c2-ebabe103dc3b,418.109326,690.37,30.0,1440.0,1080.0,iiith
55af042b-23ae-45f9-943d-3765a83a5d44,454.890967,877.03,30.0,2560.0,1920.0,cmu_africa
55e6a9ac-9a1d-47f7-be3d-eea1296d1627,295.404797,708.03,30.0,1920.0,1440.0,utokyo
56504e4e-a228-4b28-baa4-1ce2de03c2d4,340.986236,2474.0,30.0,1440.0,1080.0,iiith
56830730-4e9c-4928-ba0b-6ca75f57231d,315.544199,1293.77,30.0,2560.0,1920.0,cmu
568e964d-455e-42f2-a764-3f2c6d75157c,106.830482,562.4,30.0,1920.0,1440.0,cmu
56a3b49c-6979-4253-9ff5-2733c3e2f229,256.802155,2125.36,30.0,1440.0,1080.0,kaust
56d0a3e8-58c0-4d4d-b1a8-097b8cabcc95,370.856165,1136.97,30.0,1920.0,1440.0,bristol
56fe0c73-77c4-40d9-a687-b2df28d5f7d7,236.981671,1184.81,30.0,1440.0,1080.0,iiith
570fc280-231c-4a3e-99c2-12eefed1c122,8026.558134,4127.33,30.0,2560.0,1920.0,cmu
571265e5-c7b7-4313-9386-fa8655b23706,2386.162122,1968.07,30.0,1920.0,1440.0,cmu
572fee00-5bc2-46ed-97df-ad046a0d0fce,40.913712,211.1,30.0,1440.0,1080.0,unict
573ae30e-9f9d-414a-a97a-2e5089182234,934.779027,3800.54,30.0,1440.0,1080.0,unict
573fc64b-6613-449a-aa28-69810a346e14,31.615443,65.49,30.0,1440.0,1080.0,iiith
577a114d-e2d1-4ca2-b739-8a008ef22b66,263.714605,2116.14,30.0,1440.0,1080.0,iiith
57e88d87-257e-434d-953e-6025367e99fe,370.694513,2225.17,30.0,1920.0,1080.0,unict
57ee481e-2386-4a28-8d4c-ed8c9bdf08d8,146.814779,1234.93,30.0,1440.0,1080.0,kaust
57f73c09-ea00-4890-88ee-deda5530cc53,842.347703,1330.57,30.0,1440.0,1080.0,kaust
5803675e-3c89-4bbb-8d2a-c79b8d561597,463.555016,1151.1,30.0,1920.0,1440.0,bristol
5817740f-4858-4923-bd47-b0133aaaed5b,642.681847,2183.3,30.0,1920.0,1440.0,bristol
58192560-1819-4883-8f66-40bbf35c4767,129.887078,199.53,30.0,1920.0,1440.0,cmu
582ce3c3-cf84-4af6-b224-154403f7eb96,530.619324,2073.76,30.0,1920.0,1080.0,nus
582cfefa-6a29-4193-a909-37f31811f013,486.605528,3051.71,30.0,1440.0,1080.0,iiith
584fd34c-9bd5-44fd-8266-9d3161d8c790,635.04626,3858.03,30.0,1440.0,1080.0,kaust
588dfc03-9c6b-4402-8a6b-f99867a24674,912.941578,3958.17,30.0,1920.0,1440.0,cmu
589fd5f5-bccb-4820-b248-87054fcade25,373.085466,994.59,30.0,1920.0,1440.0,bristol
58a01f3a-52ce-4024-ab3c-b179caf4dafd,2687.151363,5320.4,30.0,1440.0,1080.0,iiith
58aff1ab-21a8-4ba3-a006-8d3bb12b2ccc,538.604647,1911.61,30.0,1920.0,1440.0,bristol
58b068dd-758f-43c7-8cd5-d17cc1aafb5a,97.376746,272.6,30.0,1440.0,1080.0,unict
58b2a4a4-b721-4753-bfc3-478cdb5bd1a8,22.096226,132.9,30.0,1440.0,1080.0,kaust
58baa94e-8a14-4608-907b-ddcda8cd7e21,356.681211,1507.2,30.0,1440.0,1080.0,kaust
58bb7ed1-02c3-47a9-97f9-85f85f52729e,349.914368,2116.16,30.0,1440.0,1080.0,iiith
58e39e0e-9bbb-4e7f-98b4-14b2fa325fa3,198.696572,353.39,30.0,1920.0,1440.0,bristol
590a5958-2b90-4d99-b51e-1dbc20776c14,94.659434,153.15,30.0,1920.0,1440.0,utokyo
592a72c3-57e2-44b4-b8bf-b219fbb0aa1b,50.838458,497.93,30.0,1440.0,1080.0,kaust
5935de98-30c0-4357-9e89-1c1395c1e2c1,630.331429,1154.97,30.0,1920.0,1440.0,cmu
597b1ca1-e2ea-4a0e-8be0-31b713151ba2,665.629654,2441.57,30.0,1920.0,1440.0,bristol
59815805-de31-4993-8f5e-f12b1537bcfc,1141.530097,4737.0,30.0,1440.0,1080.0,unict
59867cc2-3e1f-4dea-b4d7-dbaf55982e72,1760.90398,3585.43,30.0,1920.0,1440.0,bristol
599037f1-5825-4315-a75d-9a50d16959b5,30.712927,241.27,30.0,1440.0,1080.0,unict
5991c3ba-86a4-46d0-be04-966d1f681b4d,70.331127,93.82,30.0,1920.0,1440.0,utokyo
59c1774d-3c36-4203-9570-465bc6f128b8,434.690991,1631.3,30.0,2560.0,1920.0,cmu
59dac266-4b43-43b1-9fe3-6013ade33eb6,307.710257,1477.04,30.0,1440.0,1080.0,iiith
5a113615-91a9-4147-b924-f31cd15275e6,6.721624,66.97,30.0,1440.0,1080.0,unict
5a2392a7-4efb-4601-897c-cb23fc21b707,886.978225,1186.43,30.0,2560.0,1920.0,cmu
5a56333c-604c-4589-80ec-541b4d7d2164,408.496061,1787.43,30.0,1440.0,1080.0,unict
5a578256-a7ac-4c36-87be-d77e6f743aee,488.039663,1477.6,30.0,1920.0,1440.0,bristol
5a6434fd-e0ea-4777-b4d2-45845362f171,394.858116,1932.73,30.0,2560.0,1920.0,cmu
5a8132ed-7a82-42da-a9c4-64fc99d2db79,585.020253,1909.37,30.0,1920.0,1440.0,cmu
5aa01f1b-351d-428b-a1be-1f2edaff6a0c,543.7698,1922.65,30.0,1920.0,1080.0,frl_track_1_public
5ab1bb65-011f-4fcf-aa7b-78dc2ae8a495,43.333653,92.97,30.0,1920.0,1440.0,cmu
5af8e5f9-2a28-485c-9604-6f5f9f290c82,6136.961013,4391.01,30.0,1440.0,1080.0,iiith
5b2ffccb-a891-4d76-a271-abbcbf7e894b,26.320444,236.87,30.0,1440.0,1080.0,kaust
5b35682f-c4e4-4467-9718-8c2febcc1bce,4145.678207,1850.77,30.0,1920.0,1440.0,cmu
5b43dc9d-437e-4866-9bba-f31a7656d85b,60.768685,150.57,30.0,1440.0,1080.0,unict
5b4db88b-5cf5-4d9a-9eef-dde2be7f5c46,1282.341727,642.17,30.0,1440.0,1080.0,unict
5b4ee633-78b9-4282-b001-5a85373d549e,373.906017,1690.37,30.0,1920.0,1080.0,unict
5b7d03e2-2d37-4827-b99c-9c1647777081,94.173712,3174.22,30.0,1440.0,1080.0,iiith
5b8cb6f7-d2d6-471b-a710-6b2e27fa93b1,2135.167276,1658.5,30.0,2560.0,1920.0,cmu
5b97f47f-f015-46f3-8879-3fcc2a61a728,551.407752,4386.13,30.0,1440.0,1080.0,unict
5b9aa0ee-38d4-40bd-8af9-c53c5e35869b,447.15827,910.67,30.0,1920.0,1080.0,minnesota
5baf4e1b-582a-4fbc-9391-3e794057c759,874.770464,1398.2,30.0,1920.0,1440.0,bristol
5bc10385-011f-4dc5-832e-58f48ffe8fe5,121.180614,300.29,30.0,1440.0,1080.0,iiith
5c0cd8bd-21ae-4e5b-91ed-b3142af3c50f,1404.175576,1568.92,30.0,1920.0,1440.0,bristol
5c15607b-96af-4503-84b4-d1745f3a3ae0,347.481684,2816.12,30.0,1440.0,1080.0,iiith
5c16c4b4-8065-410a-8160-8da3b2d0e57e,172.733464,844.23,30.0,1440.0,1080.0,unict
5c172db2-eca2-4f9a-8963-b2111123fef2,484.756336,1007.79,30.0,1440.0,1080.0,iiith
5c1a9857-4a0a-4d61-877b-3f53a2d2b82b,263.230265,650.67,30.0,2560.0,1920.0,cmu_africa
5c2e910c-84e0-4042-b5d6-880a731c3e67,10.314712,128.23,30.0,1440.0,1080.0,unict
5c3be03c-07a5-4427-a2fe-449f16e8017b,403.313787,794.07,30.0,2560.0,1920.0,cmu
5c7ca3a9-15c3-44a4-aa8d-9f6ee0e1ead4,1259.505853,3783.47,30.0,1920.0,1080.0,indiana
5c9b85ea-24a9-4bfd-8ac2-4ca6f9090231,5522.417503,7366.63,30.0,1920.0,1080.0,uniandes
5c9e8ad1-135f-4f01-a498-274835fba320,19.787835,18.47,30.0,1440.0,1080.0,unict
5ca76592-eb15-4531-9c28-a1431c115f41,182.744613,585.22,30.0,1920.0,1440.0,utokyo
5cae3bb3-1e1e-4b9f-82e8-87dbaad8f73d,112.791615,531.63,30.0,1440.0,1080.0,kaust
5cb30556-bda1-446d-b845-7ba835fd7093,539.063347,4685.38,30.0,1440.0,1080.0,iiith
5cc3a1f3-a94a-4389-b3a0-5b53c629e0e6,3034.450379,4232.29,30.0,1440.0,1080.0,iiith
5cdf77b8-7bf8-421b-99b6-19fa6429aeb4,182.178973,1058.09,30.0,1440.0,1080.0,iiith
5ce1f996-f784-4c9e-8208-e370bf8adf39,358.481501,2116.14,30.0,1440.0,1080.0,iiith
5d01d5e3-ea8b-4d41-9d80-024c3c429095,828.788371,1800.0,30.0,1920.0,1080.0,minnesota
5d12cf77-b15b-4199-9e99-341a12c88d60,3.750463,52.37,30.0,1440.0,1080.0,unict
5d331f41-ebc7-4eaa-8676-501a94a004d4,172.711341,269.73,30.0,1440.0,1080.0,unict
5d4facb9-9473-4cf2-a7a6-bfc1e4e01833,832.861832,1860.64,30.0,1920.0,1440.0,bristol
5d672d4f-09fb-477e-8f05-136afa09f2e2,176.136626,529.77,30.0,1920.0,1440.0,cmu
5d7a27ce-1d80-453e-849b-1148c2b95263,1650.148948,1682.83,30.0,1440.0,1080.0,kaust
5d8ebbea-6371-4be5-b611-751fb49ec294,1308.679203,1943.37,30.0,1440.0,1080.0,unict
5d9261fb-7d80-4cb0-b601-38c17fbf6f75,1157.62304,4497.1,30.0,1440.0,1080.0,iiith
5dab6f94-5ca7-4985-bcd0-67f4fc04687a,1688.274773,5756.42,30.0,1440.0,1080.0,iiith
5dcbcc43-6220-457a-8e79-36ef9997eb90,45.107804,404.17,30.0,1440.0,1080.0,unict
5dd8a212-e71d-48b1-956a-cf3e99d74953,66.003852,179.67,30.0,2560.0,1920.0,cmu_africa
5dde766e-e93a-4d48-b3c7-96774f24d39d,478.244642,915.97,30.0,1920.0,1080.0,minnesota
5deac998-26a7-4725-a6bf-235202373732,174.216692,602.5,30.0,1440.0,1080.0,iiith
5dee22c5-2530-4703-9ed4-46cb13b6ad97,249.313418,9150.42,30.0,1440.0,1080.0,iiith
5e11cf07-d5f9-47c0-9e73-2b58028e9a8d,3143.020884,6009.0,30.0,1920.0,1080.0,uniandes
5e375fea-f689-4488-b47e-12380ba91e6b,93.721766,323.03,30.0,1920.0,1440.0,bristol
5e64c89d-34ce-49a3-949a-dc90385cdbcc,427.640367,3850.0,30.0,1440.0,1080.0,kaust
5e7dbc32-08e0-4266-9bd3-27c412d1af7c,838.400438,1800.17,30.0,1920.0,1080.0,minnesota
5e85db8c-471e-4df8-8404-1de41288ef4b,274.304344,711.8,30.0,1920.0,1080.0,minnesota
5e97e33c-b3ca-48b2-9e7e-069fe39199fb,250.283366,2286.27,30.0,1440.0,1080.0,kaust
5e9e692b-dd68-4618-bfa3-012a7934abc2,144.632832,931.77,30.0,1440.0,1080.0,kaust
5ea2f8d5-93cc-4512-88de-b288b5bc07f4,679.90012,1588.8,30.0,1920.0,1440.0,cmu
5edf133c-24e2-44c7-a751-0d0d2aabed8c,371.15622,1896.07,30.0,1440.0,1080.0,kaust
5efa966b-01b6-4bbb-a4b6-702ef89c3a10,653.163555,742.27,30.0,1440.0,1080.0,unict
5f2be256-1298-4876-a310-cc9c7e80774a,580.722303,1221.37,30.0,1920.0,1440.0,bristol
5f2fe227-e8fc-4635-8b3e-2f56e9be61b5,291.390643,749.3,30.0,1440.0,1080.0,unict
5f41da88-345c-4fda-8ad7-77b532297c3a,190.922745,1687.88,30.0,1440.0,1080.0,unict
5f4e4722-a03a-46fa-be29-b66d909d5044,417.334631,1272.26,30.0,1920.0,1080.0,frl_track_1_public
5f7e3f1e-f4db-461e-8344-c8f130985635,1013.681427,4574.33,30.0,1440.0,1080.0,iiith
5f818e8f-92ba-4bb1-be45-99807bc2cc58,73.571398,214.85,30.0,1920.0,1440.0,bristol
5f935274-2957-4610-99c5-891f4983631f,361.885758,1800.13,30.0,1920.0,1080.0,minnesota
5fa671a8-c6c9-40bc-9d3d-f97d94133965,1124.551041,3615.91,30.0,1920.0,1440.0,bristol
5fce50cf-ebc5-4c09-8704-20c48fe42c7e,809.33176,1248.1,30.0,1920.0,1440.0,cmu
5fe81f9c-159c-4b83-807f-34866dd03a8b,732.270331,1458.35,30.0,1920.0,1440.0,bristol
5ffb4038-585e-4fc5-85bf-84afaac2e599,812.246043,2116.16,30.0,1440.0,1080.0,iiith
5ffe23d7-77a8-4e8d-bacb-d6bc022f0eef,936.964367,1091.67,30.0,1440.0,1080.0,kaust
600e392c-4be6-4b8b-bef8-e789ce3d8915,15136.756936,15356.4,30.0,1920.0,1080.0,uniandes
60209262-ab8e-4214-a8dd-4764a9a4b26d,850.524137,1800.13,30.0,1920.0,1080.0,minnesota
603a427f-9191-4ca4-a1b0-dd3c5e7fda70,59.570715,423.23,30.0,1440.0,1080.0,kaust
6052a4ef-1227-4a9a-9883-6344081f4991,59.767845,140.57,30.0,1920.0,1440.0,utokyo
60534403-8f96-477a-a04d-bd939468cf10,24.624443,129.33,30.0,1440.0,1080.0,unict
6070d9d1-9962-49f3-8ac7-4e29ca07e104,399.573916,1763.93,30.0,1920.0,1080.0,nus
60b0ccb6-49f7-4a44-a70d-bf319217af50,7.467031,11.58,30.0,1920.0,1440.0,utokyo
60c1aa5a-9682-4576-826d-25a1e1075982,1472.412599,3584.04,30.0,1920.0,1440.0,bristol
60e63a2b-cbf9-420a-b17a-c50848b7f096,11434.016203,2187.03,30.0,2560.0,1920.0,cmu
60f4b15e-b23e-4c7f-9cb3-f51ac164bb23,116.901785,2121.48,30.0,1440.0,1080.0,unict
610b2ed4-3327-4f32-8dca-d4e5c4fd2eb2,413.432489,708.03,30.0,1920.0,1440.0,utokyo
612f93fe-6a51-4c5f-abcd-430d9eb7d69a,796.647379,1734.77,30.0,1920.0,1440.0,bristol
615225c2-50dc-4d4a-a9d1-f6ffea27a4cf,650.416762,2262.07,30.0,1920.0,1440.0,cmu
61952eda-dc56-4c13-995f-157f4dcfd55c,9865.996839,2440.83,30.0,1920.0,1440.0,cmu
6199434f-409d-4ac8-8a8f-bb4048d45d9b,11387.634873,2760.57,30.0,2560.0,1920.0,cmu
61bd91a7-c8b6-4046-9ad2-fcbc9c89e411,200.06231,1063.47,30.0,1920.0,1440.0,bristol
61cebde6-a2db-4e7f-a928-0d12a2fea535,4246.417624,2609.3,30.0,1440.0,1080.0,unict
61f0a3d8-01f9-4149-bd0c-c31ad5d319ed,246.276062,610.53,30.0,1920.0,1440.0,cmu
622ab8aa-21f8-4ad0-99c3-7f4876850df7,13214.466055,2698.4,30.0,2560.0,1920.0,cmu
623bc0af-7d4f-4b85-9263-2d04e016283d,780.664259,1800.0,30.0,1920.0,1080.0,minnesota
623ee886-3326-4d70-b6c1-e9c969e23f62,80.181174,630.53,30.0,2560.0,1920.0,cmu_africa
624a6c0a-a4cb-4073-b501-48e4b6b679e4,564.568323,1258.0,30.0,1920.0,1440.0,cmu
624d5d30-58a6-4d9b-9d1f-356018e46f70,796.82101,1800.0,30.0,1920.0,1080.0,minnesota
6269fa52-58af-46d3-9a4b-7aca66c3b622,234.160738,583.03,30.0,1440.0,1080.0,unict
628f181f-de40-4db8-b56c-f1b62ab6ba8a,265.448316,587.73,30.0,1920.0,1440.0,utokyo
62b73007-c94a-4c7e-a39f-98df30139f1c,311.784987,627.37,30.0,1920.0,1440.0,utokyo
62ca20e4-b289-47fc-b175-4ce77178de82,768.149948,1159.91,30.0,1920.0,1440.0,bristol
633d1e83-f350-4983-87fd-4e9b9e9ed754,314.987356,521.37,30.0,1920.0,1440.0,cmu
6362c66e-473f-4a09-a736-6425165aa63d,12.780701,105.96,30.0,1440.0,1080.0,kaust
63b9e64a-60ae-4d86-81fa-2253776cc8e9,229.522507,777.63,30.0,1440.0,1080.0,kaust
63f32d44-1c3f-4b36-a33e-64a88592ad59,66.852796,370.1,30.0,1440.0,1080.0,unict
64246b7f-86c9-4062-a11f-3352fae1fca1,382.352766,708.03,30.0,1920.0,1440.0,utokyo
6442d14c-c02a-4b90-bd52-8b3c187b851b,2148.836918,2046.44,30.0,1440.0,1080.0,unict
64747fa7-c7b9-46fc-ac9d-ea9a514d91df,223.641018,1058.07,30.0,1440.0,1080.0,iiith
64792a03-b8ea-4fdc-96d8-1e1199b73658,410.990395,1888.43,30.0,1920.0,1080.0,nus
6498b686-829f-4e75-9495-78c1e5b4db46,567.014933,1263.1,30.0,1920.0,1440.0,bristol
64b06e7f-de80-4793-a31c-55e2bb535c82,408.800518,490.28,30.0,1920.0,1440.0,utokyo
64b355f3-ef49-4990-8622-9e9eef68b495,250.250307,532.07,30.0,1440.0,1080.0,unict
64d62404-4689-462a-a573-e49aff0b350a,289.374254,1917.78,30.0,1440.0,1080.0,kaust
64f466e5-99c9-4ed5-89be-7ef74d0dfdd3,236.596277,708.03,30.0,1920.0,1440.0,utokyo
6513acd9-ff80-4e3d-a4c1-189824e89635,94.911399,1801.58,30.0,1920.0,1080.0,iiith
6526def3-2056-41c3-92c0-2184bab6eac9,109.09947,1208.44,30.0,1440.0,1080.0,kaust
652f0590-aab5-4de1-b578-238adb54fa0e,673.222917,4577.13,30.0,1440.0,1080.0,kaust
65403036-df60-4ccb-ac72-2808b841665c,392.251367,708.03,30.0,1920.0,1440.0,utokyo
657e538b-af27-4236-9dfa-a1d6674f2e8c,38.695694,302.4,30.0,1440.0,1080.0,kaust
65a76574-ef3e-4aa0-b1b0-7df9e5f34296,198.480396,373.77,30.0,1920.0,1080.0,minnesota
65adec13-7836-4784-9015-0e5879e2f40b,197.347508,345.6,30.0,1440.0,1080.0,kaust
65afadae-9410-43e5-a61d-ae75ae711e56,33.869702,154.47,30.0,1440.0,1080.0,kaust
65bd2d81-f7d6-4ef5-a253-374d758e2a66,695.793069,1554.4,30.0,2560.0,1920.0,cmu
65c16752-c157-4a21-9654-d980f8fdf36c,177.981831,572.53,30.0,1440.0,1080.0,kaust
661952ef-7067-48c7-a6ee-fd93f7e6e450,42.432485,104.57,30.0,1440.0,1080.0,unict
661af742-c8a6-47da-b1b6-7c652ec89034,18.295409,129.88,30.0,1440.0,1080.0,iiith
6628a2fb-19e2-4fe5-aedb-92fe5ceee9c9,556.40321,1559.6,30.0,1920.0,1080.0,minnesota
662a5fbd-6865-43e6-a2e5-06ffd30c8fc6,599.24403,4439.18,30.0,1440.0,1080.0,kaust
6639f53c-701d-4fe7-adcd-55d040ce8afe,482.487324,1173.06,30.0,1920.0,1440.0,bristol
665e6ab8-fc69-46e4-bc40-cf2607de32fc,5584.005481,5318.88,30.0,1440.0,1080.0,iiith
6667265c-5d06-4072-b761-649eeab04fc9,153.012786,366.57,30.0,1440.0,1080.0,unict
666beb29-be82-4f5f-8556-644ed5af8d90,188.576981,383.67,30.0,1920.0,1080.0,unict
669737eb-00be-47ef-9051-94e1bf930397,273.648731,706.75,30.0,1920.0,1440.0,utokyo
669b3fbf-3658-4943-9f28-54b2251a7e61,630.531599,2530.45,30.0,1440.0,1080.0,unict
66c507b5-211d-4955-a722-704440ddf751,175.506643,1677.14,30.0,1440.0,1080.0,iiith
66fc3efa-aa5a-4bf4-b2ad-dd3860818cc4,157.02504,370.47,30.0,1440.0,1080.0,unict
66fcbd1c-0300-4602-beae-8f63cf7670b8,845.851384,3613.3,30.0,2560.0,1920.0,cmu
670af94f-647f-448e-b219-1e424cc0d0f1,662.454388,818.4,30.0,1440.0,1080.0,kaust
672c902a-7871-4e8f-bae5-6e12e2a4e342,93.830499,216.97,30.0,1440.0,1080.0,unict
674ff45c-1a6b-40c1-a915-df844132144d,502.518048,2944.93,30.0,1440.0,1080.0,kaust
6767f3a8-9a7e-4978-8939-5a988bd44c7e,350.191138,661.43,30.0,1920.0,1080.0,unict
676c3bb3-2b7f-437b-ae1a-41f589ae188a,185.328177,1092.2,30.0,1440.0,1080.0,kaust
676ef0a7-a390-4128-8237-df5c99feb498,98.552174,185.56,30.0,1920.0,1440.0,utokyo
6808b2a0-8310-4124-8c57-d08b0a7519e6,438.675031,2271.3,30.0,2560.0,1920.0,cmu_africa
680e61d7-86e0-47cd-a6e1-83868aaaf3f0,455.455977,1270.83,30.0,1920.0,1440.0,bristol
68143ed4-36a0-4194-b409-d28be53f8252,41.101669,565.33,30.0,1440.0,1080.0,kaust
6815d77e-72e5-465f-a82f-81cb9aabfce2,1014.534216,1321.87,30.0,1920.0,1440.0,bristol
68205f0f-9b30-4d81-986d-f8816e70bddd,239.377402,709.86,30.0,1920.0,1440.0,bristol
682aedeb-0c6e-4050-b5a9-5be7f5a479f1,520.229112,2153.47,30.0,1920.0,1080.0,unict
6834426d-9454-4fc9-a538-20d498d18e87,120.418952,164.9,30.0,1440.0,1080.0,unict
689848c0-6488-4a4e-871c-c19d986532a4,497.450682,1921.87,30.0,1440.0,1080.0,kaust
68b90b42-7e3c-443f-9bac-e1fb46ee40b8,98.177148,563.93,30.0,1440.0,1080.0,unict
68c73d6c-8102-42ae-8d07-c5529bb933fa,437.640604,2579.57,30.0,1920.0,1440.0,bristol
68c8b7df-7fc5-414c-907d-5de75a29e3e7,558.107713,913.0,30.0,1920.0,1080.0,minnesota
68cf4100-b9b6-4e9b-8d3a-d7569fc4d474,16.120422,133.9,30.0,1440.0,1080.0,kaust
690f58f1-f18c-4415-bab0-787c2f83d051,352.89831,708.03,30.0,1920.0,1440.0,utokyo
692e9866-1d35-4898-b708-1982d86f4dfb,2739.325059,980.35,30.0,1920.0,1080.0,unict
69513835-bd3f-4965-8126-fc8f0a7ae196,878.195961,2680.47,30.0,1920.0,1440.0,cmu
69ae6e65-a60b-46b0-b256-9d1aeaf34b0a,14911.391036,7610.53,30.0,1920.0,1080.0,uniandes
69c7d261-18f8-4a1d-9f56-6b4e8eac4d23,263.21744,1052.1,30.0,1440.0,1080.0,iiith
69ed5dc3-ed83-47fb-aac0-71d997904494,37.620534,71.77,30.0,1920.0,1080.0,unict
6a13b88e-fedc-4577-bd21-c158bf4c180e,4.985683,41.7,30.0,1440.0,1080.0,unict
6a513338-0c76-418f-b842-e89547decacf,391.070964,586.64,30.0,1440.0,1080.0,unict
6a5fa00b-64de-4851-98fa-7e96f3f441f6,574.24541,1505.87,30.0,1920.0,1080.0,minnesota
6a70377a-68fc-44ae-b8f2-1ae7855aac9e,304.089526,633.2,30.0,1920.0,1440.0,utokyo
6a75b089-b74e-4e45-a345-422587f04f01,580.44688,894.67,30.0,3413.0,1920.0,cmu_africa
6a85ad1a-746c-45ac-b372-b677cb6e0a3d,146.605619,376.1,30.0,2560.0,1920.0,cmu
6aa40272-f90f-4f51-839a-2d2769dd4885,175.859972,229.67,30.0,1440.0,1080.0,unict
6abc010d-be71-498d-af0b-15c5845d315f,13.777299,166.13,30.0,1440.0,1080.0,kaust
6ac1d2ed-1f6b-4828-a1ab-f81c40bd5e80,221.516821,1231.4,30.0,1440.0,1080.0,kaust
6ac9ce64-b53e-40b6-b282-a9881da75f49,1033.00805,2358.69,30.0,1920.0,1440.0,bristol
6ad19348-15b0-4411-b544-8a3fac59dd21,288.320252,2116.14,30.0,1440.0,1080.0,iiith
6ae95096-43d6-4922-874f-d0f59967ae57,39.227463,210.13,30.0,1440.0,1080.0,iiith
6af04762-9ccf-41aa-bbfb-48a443c7cec3,392.166299,2126.4,30.0,1440.0,1080.0,kaust
6b0e9740-14ac-45aa-993c-574bc25a4585,679.782029,1750.68,30.0,1920.0,1440.0,bristol
6b1638b7-db47-44ca-adb7-293e65006856,95.145919,915.82,30.0,1440.0,1080.0,iiith
6b1d84f1-11af-4d3d-ae09-6068eefc2158,41.760912,124.4,30.0,1920.0,1080.0,unict
6b3972a8-98ee-46b7-83d4-6d8cb192e920,305.300569,925.7,30.0,1920.0,1080.0,minnesota
6b6d73b9-e92c-4698-86df-bbe687a9e95e,663.087369,1711.9,30.0,1920.0,1440.0,bristol
6b70f1de-16cd-4b62-ab46-bc988254f486,427.54245,1434.02,30.0,1920.0,1080.0,minnesota
6b7263dd-0354-468b-a485-0471ace84f15,88.990805,355.07,30.0,1920.0,1080.0,unict
6b784dfc-eb28-4efd-a71f-faa546259f5c,979.246796,1947.53,30.0,1920.0,1080.0,bristol
6b7c3181-e81f-4b75-a60b-92c6f0ba267e,87.223468,490.37,30.0,1440.0,1080.0,iiith
6b889d80-1c10-413c-9532-fbd629305a43,791.797601,2012.1,30.0,1920.0,1440.0,bristol
6b8963b9-0645-4eb4-93d0-32644cfcd99f,498.90113,1355.17,30.0,1440.0,1080.0,kaust
6b89ed88-54d3-427f-835f-6a5345206955,337.163505,897.72,30.0,1920.0,1440.0,bristol
6b91041f-bd60-4738-8305-46b144ce725d,170.579873,553.0,30.0,1440.0,1080.0,unict
6baf5a36-83e6-4fb4-81bc-970dffd1df49,70.563365,739.1,30.0,1440.0,1080.0,kaust
6bb4a311-a05b-413e-879c-1c30809e62d4,18.326568,51.77,30.0,1920.0,1080.0,minnesota
6bc12612-2c12-4938-a394-c65de370a159,460.12525,2317.87,30.0,1920.0,1440.0,bristol
6bd3302b-3269-41dd-a32f-79bff3af1a81,388.970089,970.6,30.0,1920.0,1440.0,bristol
6bdc7ecb-0d9c-461f-8f32-ee0fbbe47c49,276.221602,6329.62,30.0,1440.0,1080.0,iiith
6be77236-230f-4d9b-98d5-1cbf3be34023,882.997252,1496.5,30.0,1920.0,1080.0,nus
6c03be74-4692-4e3e-8eab-01f9f8e0d3ba,802.620527,1253.23,30.0,1440.0,1080.0,unict
6c0d1d45-19fb-4992-8d0f-1a4f226b19d3,229.75166,522.02,30.0,1920.0,1080.0,minnesota
6c1123bb-1aab-46e9-a69f-54e459e4bf50,1239.363413,5695.03,30.0,1440.0,1080.0,iiith
6c47fe78-9441-4b8e-8b16-f99a9c507c00,126.263335,486.29,30.0,1440.0,1080.0,iiith
6c56ee6e-c196-400c-90dc-31c887648562,177.819911,716.5,30.0,1440.0,1080.0,kaust
6c61d815-8ca2-41dd-b055-72abc1d6643a,1206.889592,2710.43,30.0,1920.0,1440.0,bristol
6c7abb81-3545-4798-bc17-67eac6deadb3,718.854729,2628.43,30.0,1440.0,1080.0,kaust
6c8bc8b8-76d2-4f27-ab4b-c3f2d7e0a1a6,4.811235,60.83,30.0,1440.0,1080.0,unict
6ca4c551-a476-4af4-9b5f-1f9d0d18ccea,51.949328,542.04,30.0,1440.0,1080.0,kaust
6cd49c63-5591-41f5-905f-5f2fe23c62e5,236.494018,392.32,30.0,1920.0,1440.0,utokyo
6d3939f5-5636-43c7-94bb-86318392bd2d,112.606893,533.7,30.0,1440.0,1080.0,unict
6d5b6742-a579-4587-9a11-c2596f130570,385.577116,1931.95,30.0,1920.0,1080.0,frl_track_1_public
6d738e16-abe9-4e7f-870b-1c60ea2cd257,475.710142,915.67,30.0,2560.0,1920.0,cmu_africa
6d8ea536-c8f2-4eea-8adc-16a4379a151b,24.545502,256.63,30.0,1440.0,1080.0,unict
6d9d3b31-334f-4710-8f66-8d9befde4665,383.425647,2367.65,30.0,1920.0,1440.0,bristol
6d9f116a-3602-480b-a635-f7109250c8aa,4694.071623,1490.67,30.0,2560.0,1920.0,cmu
6da668d8-5614-4627-b128-ca748c6931a7,864.643061,3543.87,30.0,1440.0,1080.0,unict
6dafeac7-75b6-4d69-96f7-d08708a0a99e,152.063262,531.63,30.0,1440.0,1080.0,kaust
6e0a6558-c212-4cab-b374-007671edb59c,87.087265,532.07,30.0,1440.0,1080.0,kaust
6e31866f-9e18-4eb4-a435-b175406c577f,56.329549,200.43,30.0,1440.0,1080.0,kaust
6e45136e-c64f-4eb6-bfe0-0472047d4833,362.66879,617.2,30.0,2560.0,1920.0,cmu_africa
6e4baf27-2090-4a90-816b-a35a0aff0e56,1387.057848,3437.41,30.0,1440.0,1080.0,iiith
6e68d2f9-6d37-4317-a3eb-9541321d558e,2368.73104,6771.4,30.0,1920.0,1080.0,uniandes
6e988330-6694-403c-9011-5e5e1ff1d7f6,494.269382,497.2,30.0,1440.0,1080.0,unict
6eb083c4-a7dc-454b-84bc-2f0d8a69dffe,595.888496,958.76,30.0,1920.0,1440.0,bristol
6edc48aa-c6aa-421a-9bdf-9bec659fef64,101.677216,430.29,30.0,1920.0,1080.0,unict
6ee967dc-1b5b-48f3-abf8-46ee97d56bb4,789.710216,2587.43,30.0,1440.0,1080.0,kaust
6ef5aab3-db5f-4fdb-9c39-b37bd497e7d8,364.478176,1333.43,30.0,1920.0,1080.0,frl_track_1_public
6ef7f9c0-30eb-4280-acc1-55f22f6e2924,1348.396582,3858.9,30.0,1440.0,1080.0,kaust
6efe176a-ad32-4142-9785-14921ffbda23,424.080333,4232.29,30.0,1440.0,1080.0,iiith
6f0bbdcd-1677-4cfa-af89-16f00de99db0,515.193371,4116.73,30.0,1440.0,1080.0,unict
6f19928b-79d6-43ef-9567-b34b70de4042,37.351466,120.32,30.0,1920.0,1440.0,bristol
6f3bbdad-4454-4de7-a97f-d3840fe2ff0a,108.300298,4232.29,30.0,1440.0,1080.0,iiith
6f4b36d7-457b-4bac-a4fd-009f6d6d886d,21.597825,59.0,30.0,1440.0,1080.0,unict
6f93978d-a3d0-467d-b401-e23b3c92f3bf,1957.304859,5507.7,30.0,1440.0,1080.0,iiith
6f9d83ec-bea0-4788-8079-ff409d7da830,617.194582,1058.07,30.0,1440.0,1080.0,iiith
6fd026d8-b68c-46bc-93de-ccfa08809a9d,194.686418,1895.43,30.0,1440.0,1080.0,kaust
6fec6615-95ef-41af-b365-b8ac63cdca4a,126.335258,748.17,30.0,1440.0,1080.0,unict
6ff52d60-1fc9-4e4a-98a0-f6e490cffa46,376.206236,2269.79,30.0,1440.0,1080.0,iiith
7020da7d-bc13-4272-ba46-5296f38c0c02,50.53791,86.4,30.0,1920.0,1080.0,unict
7021640c-5533-49e1-b2e1-e638eb6bb2c9,533.271467,4162.1,30.0,1440.0,1080.0,kaust
703326ed-bed9-4b93-8cde-46c6b01db16d,707.248863,2603.92,30.0,1920.0,1080.0,frl_track_1_public
70ab02b6-976a-49cc-bf40-e205ef0f6b5c,85.257629,1440.73,30.0,1920.0,1080.0,nus
70c8bd4f-bfe1-4fb5-82ad-7d763cc28935,347.517571,878.47,30.0,1440.0,1080.0,unict
70d5b21a-832a-4f4d-af82-807731a08ece,503.432354,1834.6,30.0,1920.0,1440.0,cmu
70df780e-2708-4042-a4c1-ba718c1af64e,117.825697,486.36,30.0,1440.0,1080.0,iiith
70e81c43-3bf3-4a3c-81df-16f5108a6918,190.177123,1712.37,30.0,1440.0,1080.0,kaust
70f2a750-f403-41b8-aabb-480eb3ab4ed4,853.011416,1675.15,30.0,1920.0,1440.0,bristol
70ff1bcf-ae14-42a6-a0e4-32172561c781,800.39247,1800.0,30.0,1920.0,1080.0,minnesota
712ef11e-dc19-4fe1-ae66-0d9ec934196e,1759.792529,3691.03,30.0,1920.0,1440.0,bristol
713602ca-86fa-40d1-bdab-371115b37fc9,1386.354649,1818.7,30.0,1440.0,1080.0,unict
7152d311-7801-487c-a6ed-a746e6abaa1f,173.817102,730.13,30.0,1440.0,1080.0,unict
7156f0b1-8a17-4dd2-860f-9de4aceb4646,617.455933,2357.57,30.0,1440.0,1080.0,kaust
716d39a8-9090-4948-8a7a-2b8d78078718,13.084732,164.93,30.0,1440.0,1080.0,unict
719d9e89-4eb2-49ea-be14-dc2637dc303f,324.368346,708.03,30.0,1920.0,1440.0,utokyo
71a46db0-12e5-4a42-8fc4-ce9e87215fa9,122.773634,72.8,30.0,2560.0,1920.0,cmu
71aa4945-0402-453c-b66f-6550cdc37aa8,1459.75949,2290.56,30.0,1440.0,1080.0,iiith
71c04f59-46c2-4ac8-af56-e04b29acc8ec,300.628384,1058.07,30.0,1440.0,1080.0,iiith
71d7d352-00e1-455e-8779-90503c9404da,332.689406,2192.13,30.0,1440.0,1080.0,unict
71dab71c-1aed-4467-9206-75ebecfc91cc,45.937383,504.35,30.0,1440.0,1080.0,iiith
7220e983-5829-41f7-af0d-8d9e6dbdb23e,433.658876,531.57,30.0,2560.0,1920.0,cmu
722811b1-93f9-4790-b3ae-b9ae8142a718,294.921228,1390.43,30.0,1920.0,1440.0,bristol
72295d26-19f7-4c6a-874e-85ba8654861e,252.887991,898.0,30.0,1440.0,1080.0,unict
7229fb65-0ee2-4eab-8c24-2e3384ba4a4b,199.427746,1025.79,30.0,1440.0,1080.0,iiith
7239cd1f-7a30-4451-99cf-9c24f91a25f4,36.438583,256.87,30.0,1440.0,1080.0,unict
72546b99-74eb-49f3-9e90-b0773dd7ef24,6.349402,46.43,30.0,1440.0,1080.0,unict
72617bc4-fbc3-425f-904b-87fdb98d02b4,814.417159,2498.73,30.0,1440.0,1080.0,unict
72c1c79c-c222-49c3-a20d-cf76e865b9bd,66.692975,121.77,30.0,2560.0,1920.0,cmu_africa
72f9c7a5-24b6-4134-85ff-00c0d9910709,447.354504,708.03,30.0,1920.0,1440.0,utokyo
73005180-4af4-48a3-8c9a-f4afe2b99c58,92.699107,985.43,30.0,1440.0,1080.0,unict
7303d3a9-90fd-433d-987c-8c90ce49c821,1209.958531,1787.33,30.0,1920.0,1440.0,bristol
73139ac7-aa0a-4119-bf90-81a94a3f8c55,167.45687,348.97,30.0,1440.0,1080.0,unict
73352b80-a094-4a98-8e5f-9708c266749e,580.624473,1540.7,30.0,1920.0,1440.0,cmu
736fd0be-9335-48d8-aa67-680b0c683efc,100.112526,640.23,30.0,1440.0,1080.0,unict
73717e68-bcdd-4145-9015-39c3bcac7562,1218.374349,3619.58,30.0,1920.0,1080.0,indiana
7376150d-53e2-43be-b97a-1c31723556ab,206.801184,16972.0,30.0,1440.0,1080.0,iiith
73773748-14ac-40ba-9ef8-d5a70865aeea,725.015133,1180.87,30.0,1920.0,1440.0,cmu
737e9619-7768-407c-8a4f-6fe1e8d61f04,401.578056,813.47,30.0,1920.0,1080.0,minnesota
73803873-303f-484c-b647-0b6dd8f6c1c3,145.377985,1415.43,30.0,1440.0,1080.0,unict
73a525a3-f393-47e3-b3f7-1ecc5b5f0437,48.841751,112.43,30.0,1920.0,1080.0,minnesota
73e13fc9-7a73-48dd-bcb5-ec9057cb5270,1378.076508,903.83,30.0,1920.0,1080.0,minnesota
73e1ce92-a414-4455-ae58-26d776953ebf,380.286742,873.43,30.0,1920.0,1080.0,minnesota
73e6163f-5dbd-49be-a6f1-d06d0a1dca31,9774.13196,4849.37,30.0,1920.0,1440.0,cmu
73fdfb68-e6f4-43bb-be27-d4ef06872070,46.732522,684.7,30.0,1440.0,1080.0,kaust
743420f9-72e1-4219-bc56-f5a93644c0f4,1553.645936,1136.2,30.0,1920.0,1440.0,cmu
744c58f8-9a76-40d4-838f-8c7676fcb316,577.768759,1013.1,30.0,1440.0,1080.0,iiith
74712ce0-8575-4bef-a269-6b7af97ac5c0,39.048975,1058.09,30.0,1440.0,1080.0,iiith
74736d57-1b15-4bad-9392-7b1b4ac39617,137.668713,1231.61,30.0,1440.0,1080.0,iiith
747ca62c-333e-472a-94d8-7d436c56cb45,96.613143,120.63,30.0,1440.0,1080.0,unict
7481d622-2f87-4216-a6c2-53cadcd8f6e4,595.767879,1625.73,30.0,1920.0,1080.0,minnesota
748536e4-636a-4dc6-b1a7-d9cbfdc1cffd,191.059072,1500.48,30.0,1440.0,1080.0,iiith
74a49072-d722-4321-83e5-72e604f3cf4b,162.662668,359.83,30.0,2560.0,1920.0,cmu
74cb73ae-0a87-44c1-862f-b6c0a110134d,302.092837,1359.4,30.0,1440.0,1080.0,kaust
74d05939-ec8d-4da5-9a6f-35a0b97e22e2,48.896511,233.87,30.0,1440.0,1080.0,kaust
74e37c3b-9b5d-41ef-a806-61000cb6857c,404.709372,1058.09,30.0,1440.0,1080.0,iiith
75141dec-d6b3-4e2e-a144-5a126abf7dac,472.869848,888.53,30.0,1920.0,1080.0,unict
752dd54d-7835-475a-bccd-931fcf1e9655,249.196419,842.43,30.0,1440.0,1080.0,unict
753e2afd-63dc-4e7b-ad56-9d5f86287f4b,631.971979,1226.93,30.0,1920.0,1440.0,cmu
7544f7c5-3823-439f-bc64-326a15d65406,1345.331155,1182.7,30.0,1440.0,1080.0,unict
7627344d-503f-4a25-b418-10a6929d5a18,69.212267,880.37,30.0,1440.0,1080.0,kaust
763509f4-203d-4e4b-bb42-67eb9839874b,218.401407,490.93,30.0,1920.0,1440.0,cmu
767dbef9-f625-4785-810c-7d8c78c1eddb,145.98253,856.3,30.0,1440.0,1080.0,kaust
769a17ba-20d2-4f77-874f-874e5fb346bf,1003.709859,2978.03,30.0,1920.0,1440.0,cmu
76fcf68f-05ee-4516-bce0-31935c8242e5,199.397785,602.0,30.0,1920.0,1080.0,minnesota
770b0de4-9f4a-4c51-8b37-3c22fca3e6a6,1734.045753,3588.03,30.0,1920.0,1080.0,indiana
77362fa3-e23a-4942-bd53-7d58b23b979b,235.831761,843.31,30.0,1440.0,1080.0,iiith
775acd8e-086f-48cf-adf3-c154f0d0bd2d,1690.461893,1707.73,30.0,1920.0,1080.0,minnesota
776749e2-dbd3-46f9-95f9-d20c431f4749,99.167213,1269.8,30.0,1440.0,1080.0,kaust
7771192d-94f0-451e-9e64-ddd49fe85cea,877.198388,2161.36,30.0,1920.0,1440.0,bristol
77718528-2de9-48b4-b6b8-e7c602032afb,366.769025,2590.63,30.0,1440.0,1080.0,iiith
777af83e-b317-4904-8851-9fa92a8d0d0b,3876.185121,1735.83,30.0,2560.0,1920.0,cmu
77cdd8dd-402b-45d7-a16c-a16520c737e3,464.672024,2083.45,30.0,1440.0,1080.0,iiith
783d36f8-771b-4002-bfc2-fa8c6dcd0f85,2.400701,27.0,30.0,1440.0,1080.0,kaust
7844c399-e3ce-42f7-a31b-324d477217aa,551.812668,1496.77,30.0,1920.0,1440.0,bristol
786877d8-e353-4fae-b488-8d7443646882,727.366072,1428.43,30.0,1920.0,1080.0,uniandes
786ced75-8534-469a-be44-4e7354b1c9b8,533.542767,5382.8,30.0,1440.0,1080.0,unict
78ae3141-0ac7-4b20-9cd2-42cd2da22292,41.148745,262.8,30.0,1440.0,1080.0,unict
78b06017-cd7b-441c-ba48-33c04e37a82a,982.204544,1601.87,30.0,1920.0,1440.0,bristol
78c9f2e7-44b9-4068-a7b0-18c9649ce963,299.359984,468.73,30.0,1440.0,1080.0,unict
78e73d85-db28-4fd0-ab07-df18f397388f,88.418743,172.82,30.0,1920.0,1440.0,utokyo
79001765-abc6-439b-a987-367dd4d1d5f6,84.23798,256.0,30.0,1440.0,1080.0,unict
79016c36-16cd-421e-a63a-c80a95b345b0,401.113674,3296.4,30.0,1440.0,1080.0,unict
7913c8a8-1f99-4c2d-8a5d-9a5793162447,821.751056,5206.86,30.0,1440.0,1080.0,iiith
79204df3-cecf-450e-930e-7cdfd2bf2f6a,360.926962,869.67,30.0,1920.0,1440.0,bristol
7921902b-293f-49e2-9401-d96791a90e15,394.011538,758.47,30.0,1920.0,1080.0,minnesota
792d0000-7dcd-4e6c-a486-7befe397233d,6008.905254,10631.1,30.0,1920.0,1080.0,uniandes
793a9c9d-327e-4457-9c40-e626b2208aae,3.954828,15.57,30.0,1440.0,1080.0,kaust
7945525f-4496-40df-b633-e75d88a3d86c,532.686546,2116.16,30.0,1440.0,1080.0,iiith
796bc463-2962-4a43-8a34-5f27983e0950,1460.040183,2367.67,30.0,2560.0,1920.0,cmu
7975bddc-d717-4106-a80a-41958b91157a,45.711765,84.47,30.0,1920.0,1080.0,minnesota
7989f7d6-cfc7-423d-829d-267456132dbd,62.122819,167.83,30.0,1440.0,1080.0,unict
798cc542-3fd4-42eb-9bf4-f3910603158b,543.973756,1765.17,30.0,1920.0,1080.0,nus
799cca28-da4a-463b-8ac6-f69a0b496c45,266.314671,2609.71,30.0,1440.0,1080.0,iiith
79b59016-123d-418a-bc56-dacea93c9b0f,2613.21673,1800.43,30.0,1920.0,1080.0,minnesota
79b663b3-d14b-4c7b-973d-82b7dad89533,4629.786795,1461.8,30.0,1920.0,1440.0,cmu
79c62f24-488e-4a69-8220-3b20cb4bf72b,1297.651505,5448.4,30.0,1440.0,1080.0,iiith
79f47a60-f1e9-4232-88b8-a1836e7dfd30,513.166235,708.03,30.0,1920.0,1440.0,utokyo
7a176aa7-d8b0-4df6-b694-36361f80a77a,161.217235,1032.75,30.0,1440.0,1080.0,iiith
7a33ca42-9a39-4d59-ba82-c9667c250f48,3867.381249,5072.77,30.0,1920.0,1080.0,uniandes
7a3479a4-b903-4d20-bdc4-98d93ceb3c36,1027.616978,1797.27,30.0,1920.0,1080.0,minnesota
7a43089b-fad6-4ba2-8d3f-ba47c2efc61e,259.406116,1594.89,30.0,1440.0,1080.0,kaust
7a9dbd56-a245-463d-92a2-523feb35eea9,2076.829323,531.0,30.0,2560.0,1920.0,cmu
7ab911c5-44ec-44e8-b81a-e05625f39500,37.142547,253.07,30.0,2560.0,1920.0,cmu
7aca7552-56d2-4ac0-be30-aed9c5dfc8ea,698.564844,3811.43,30.0,1440.0,1080.0,kaust
7b016e40-d10a-43b3-9222-cb4787a95432,797.948125,1444.87,30.0,1920.0,1440.0,bristol
7b354894-82a8-4110-860b-44d4d7798373,158.549046,1101.13,30.0,1440.0,1080.0,unict
7b39525c-a8c8-4cdb-b692-c5c780d44e26,200.722125,244.23,30.0,2560.0,1920.0,cmu_africa
7b5fafdb-136a-4722-84a4-cffb213a224a,3982.597566,2696.9,30.0,1440.0,1080.0,kaust
7b696849-45f1-460f-a550-d70dc212e8b7,754.061774,4811.1,30.0,1440.0,1080.0,unict
7b92d762-13b7-4b53-9ca9-62071f4586b2,265.248508,783.23,30.0,1440.0,1080.0,unict
7ba01fd2-4b09-4825-a98b-348519e9b731,155.347973,242.88,30.0,1920.0,1440.0,utokyo
7ba88d57-1d50-4fa0-973d-e2e064f13c88,764.61681,3276.64,30.0,1440.0,1080.0,iiith
7bb3ad7f-9bdd-4806-afd6-efb7aa7babbc,9348.642368,4559.82,30.0,1920.0,1080.0,iiith
7bbebd35-f550-436f-92ac-02307a9fe138,274.761095,289.13,30.0,1440.0,1080.0,kaust
7bc2ea44-9168-4379-a17e-5558d4e2fc24,429.938829,2667.37,30.0,1440.0,1080.0,kaust
7bc5387f-93a3-48ca-bd33-bd01fbb43c54,18.416372,178.8,30.0,1440.0,1080.0,unict
7bc80e9a-d235-4245-9876-9f414969b6d0,84.805392,592.8,30.0,1440.0,1080.0,kaust
7bca86ab-7327-4a38-8d2f-0a668da52f5d,213.024156,1091.62,30.0,1920.0,1080.0,unict
7c06d1c2-d3b2-43b0-86ab-e0963df16dc5,520.913706,224.34,30.0,1920.0,1080.0,unict
7c0c0057-3bbc-40ef-a91e-4d6e1a637642,1124.644734,2642.37,30.0,1920.0,1440.0,cmu
7c4f8ef4-c126-46b7-8fa9-1b2daf5b41de,1004.928735,4710.68,30.0,1440.0,1080.0,iiith
7c8a9c21-ba3c-41b8-a7e0-be7311fde0ee,716.251074,1428.92,30.0,1920.0,1440.0,bristol
7c9e2ead-0b7b-470d-809b-a520daa6ac77,376.194451,958.2,30.0,1920.0,1080.0,minnesota
7cc97e6c-b934-4de3-a9ab-3dfa4a2d53d7,1189.858242,1552.65,30.0,1440.0,1080.0,unict
7ccb476e-fa1e-4010-9e9b-a2ef06dc224d,514.656228,1274.6,30.0,1920.0,1440.0,cmu
7d1f0e94-74a9-4c9f-a026-88192d1da079,417.356719,907.55,30.0,1920.0,1440.0,bristol
7d2060fa-501e-46db-9d7a-aa0c634889c4,91.067195,103.4,30.0,1920.0,1440.0,cmu
7d2d4e8e-bc29-4cce-bbd5-ab1daf1b27b5,216.537781,1437.93,30.0,1440.0,1080.0,kaust
7d43e858-fc76-4f75-83b7-0da80e3a8a46,28.162298,63.17,30.0,1440.0,1080.0,unict
7d6d6cae-0601-485d-b900-482b4254e9f8,548.064794,2015.33,30.0,1440.0,1080.0,unict
7dae465c-26d8-49a4-a9bb-b02d6524d542,13.58878,77.47,30.0,1440.0,1080.0,unict
7dd8f1d3-c197-48cd-81cf-d46d9390920f,199.360574,738.83,30.0,1440.0,1080.0,kaust
7ddbf8a2-5b3e-44cd-b9dc-db17ec06831b,497.162866,5645.86,30.0,1440.0,1080.0,iiith
7ddc2c83-3cb0-4bb1-8e91-3ef60f88864d,5125.826313,1662.93,30.0,1920.0,1440.0,cmu
7e19388f-8b83-4ea8-bb51-6ae2f58b552e,40.461263,707.27,30.0,1440.0,1080.0,unict
7e34a240-f880-42a1-ba19-79dba39a6cb0,376.028806,977.6,30.0,1440.0,1080.0,kaust
7e3989da-be99-4d82-8b03-844daed5dcbc,320.932062,859.13,30.0,1920.0,1080.0,minnesota
7e3b7dff-bf38-4352-8adc-43799beb556f,757.910362,3797.37,30.0,1440.0,1080.0,iiith
7e4de34c-b5e4-428d-b2d2-5352d5894d9f,76.220282,117.97,30.0,1440.0,1080.0,unict
7e70088e-9874-4116-880e-496c835d71c6,2504.383553,5837.73,30.0,1440.0,1080.0,iiith
7e8b647a-e4ea-4573-9c6d-b6b61eb12510,186.443733,291.43,30.0,1920.0,1440.0,bristol
7e8d03f2-2ff9-431d-af81-e5ffcd954a63,23.674141,106.8,30.0,1440.0,1080.0,unict
7ea94f18-3b89-4c8e-aa91-685a76fc4e01,764.937732,3561.67,30.0,1440.0,1080.0,kaust
7ed330db-f50c-4fc0-ae4c-0dcb7149cfe9,754.869611,1326.08,30.0,1920.0,1440.0,bristol
7ede3aa4-b631-4715-863e-83cd4ceab976,857.263722,1430.5,30.0,1920.0,1440.0,bristol
7ee54372-b950-47fc-915c-f700d4a72af8,1554.701663,5403.53,30.0,1440.0,1080.0,iiith
7f0320b1-b866-4c80-99bf-42125d99b99e,176.717175,1114.2,30.0,1440.0,1080.0,iiith
7f08c8f8-ed48-49db-837d-e0b544edec88,47.634428,47.13,30.0,1440.0,1080.0,unict
7f123171-c6dd-4197-bf29-3ba4d4a584f7,6414.04535,2852.27,30.0,1440.0,1080.0,iiith
7f1794b5-49de-4782-adcb-497bd9e64f66,93.613021,830.04,30.0,1440.0,1080.0,unict
7f1b26ab-ffc6-40c3-9cb3-572311ccf0d9,1171.741005,998.13,30.0,1440.0,1080.0,unict
7f334458-5c4c-4223-b04d-80616499adbb,82.763202,166.7,30.0,1440.0,1080.0,unict
7f3ca47e-2187-4f23-87f3-a57a71d1fa76,802.383048,1926.65,30.0,1440.0,1080.0,iiith
7f757982-5d25-4222-aa44-735c7475f0eb,1582.679762,949.83,30.0,1440.0,1080.0,unict
7f806670-8a33-4462-b02d-305c1426475b,1453.951589,2570.9,30.0,1440.0,1080.0,iiith
7f914bcb-da5c-4203-9fcb-d2cded88f5db,354.379254,1063.16,30.0,1440.0,1080.0,iiith
7f9f75fd-a660-4635-8890-239c6ad82023,612.414271,2618.93,30.0,1440.0,1080.0,kaust
7fdfeb1d-f27d-4689-9e19-1367fad530f9,656.410889,3858.83,30.0,1440.0,1080.0,iiith
7ffad86d-f151-42d7-8adb-d5667c3bc7bc,242.552784,6348.42,30.0,1440.0,1080.0,iiith
800e33d4-468c-4414-9d6d-956baa764241,274.118423,831.57,30.0,1920.0,1080.0,minnesota
80111886-6bab-4b16-aac6-1dfa42357d8b,163.962193,752.97,30.0,1440.0,1080.0,unict
803d0524-47c8-45fe-a5d1-c6a71e2cd54b,203.447804,827.93,30.0,1440.0,1080.0,iiith
80929700-3082-49a8-a5f3-fb4558a71131,2369.49706,1732.23,30.0,1920.0,1440.0,bristol
80a88fcb-8f4e-470d-bdff-1907852b49aa,781.46987,1619.87,30.0,1920.0,1080.0,minnesota
80bfbc97-f01e-4556-8535-68a11dcad06d,960.308152,2923.82,30.0,1920.0,1080.0,frl_track_1_public
80d2d992-0765-4fd9-b75b-7334cfefbd6f,656.641279,1511.0,30.0,1920.0,1080.0,minnesota
80d4bb36-be1b-4a41-b8a6-e922eb050eeb,4944.538176,8215.17,30.0,1920.0,1080.0,uniandes
81267cd9-243f-4ec6-bd2e-bfaeaf334526,32.203141,143.27,30.0,1440.0,1080.0,unict
817170ad-1f3b-44b1-9772-fe914fa17f30,10392.494406,3781.93,30.0,1920.0,1440.0,cmu
819320a3-8c5d-4d15-b0ec-942eab4d57a7,339.560295,1027.23,30.0,1440.0,1080.0,unict
81aaf910-e32a-46f0-a1e9-a45fe5e19e25,3.855761,24.73,30.0,1440.0,1080.0,kaust
81be6ac3-8fe1-49c1-849f-06aebada2849,47.497788,435.07,30.0,1440.0,1080.0,unict
81cd38d9-a5de-4f5d-ba45-12c58d7740ad,25.520071,206.43,30.0,1440.0,1080.0,unict
81fb9f8f-be18-4833-a899-4fbcef82a634,392.681112,2435.86,30.0,1440.0,1080.0,iiith
81fc547e-75af-48cf-91c0-9f77ee633e1d,304.133836,2116.14,30.0,1440.0,1080.0,iiith
822e24f5-b703-49f6-8695-f0a9bca2ca48,576.339678,479.67,30.0,1920.0,1080.0,unict
8240bbf6-df43-4677-9508-b281558c5856,483.078005,1834.67,30.0,1920.0,1440.0,bristol
8253ab0b-51ab-4168-8c63-3bb179be485a,15.488297,37.53,30.0,1920.0,1080.0,minnesota
826e419a-8788-484f-9543-550964666762,484.84998,2801.82,30.0,1440.0,1080.0,iiith
82785c15-d764-44b1-a119-aa282c66b992,409.775089,1532.93,30.0,1920.0,1080.0,frl_track_1_public
82a3744e-cedb-4a4f-8e47-bc5c1a2b3ac0,88.472257,408.77,30.0,1440.0,1080.0,kaust
82b9dd3c-5072-48cd-a8f4-9515ea5b2c13,237.917685,912.5,30.0,1920.0,1440.0,bristol
82c57c2c-45e8-4a1e-b4b6-46b5c3fc1bf3,13.251114,20.9,30.0,2560.0,1920.0,cmu_africa
8301a3fc-aac5-466d-bb02-d0ac7a81ccc6,122.498361,689.77,30.0,1440.0,1080.0,kaust
8327741f-773a-4868-902b-0fe25708e0b9,1075.120733,1718.16,30.0,1920.0,1440.0,bristol
835e2f43-bdb5-48fc-a821-cea7b7ba66a2,125.045354,821.47,30.0,1440.0,1080.0,unict
837c5f64-bea1-4bdc-9f0f-08ff22e1012b,563.839945,2459.15,30.0,1440.0,1080.0,iiith
837ec104-8bd9-4fe3-9c19-44417c546f91,275.886183,442.7,30.0,1440.0,1080.0,unict
8383791d-2df9-4bac-89b6-4cc01df5f4d1,497.949303,3116.04,30.0,1440.0,1080.0,kaust
83af5740-e2a0-44e2-a504-d24cdedec4cd,49.252477,204.13,30.0,1440.0,1080.0,unict
83bba300-083d-4f04-9ba7-e1c318c5efcf,118.694922,520.43,30.0,1920.0,1080.0,unict
83fd2efb-168e-4d90-be13-cedea6f576f8,776.69498,724.57,30.0,1920.0,1080.0,minnesota
84131ba7-68fb-4729-9c0f-9613f602f0b0,163.602465,1332.07,30.0,1440.0,1080.0,iiith
843e6d37-9722-4b71-acbd-d1e2774ae2af,420.48134,955.43,30.0,1920.0,1080.0,minnesota
844005ea-11c6-4565-bf2e-3f471cd674e8,2107.056623,669.4,30.0,1920.0,1440.0,cmu
844b8092-d3ae-4287-b67d-50effce9caa0,231.675499,2584.53,30.0,1440.0,1080.0,iiith
847515e4-e3ca-403e-826d-91e9442ddee3,16.03825,62.29,30.0,1440.0,1080.0,iiith
8491af2d-7226-4563-adcc-1e06da2cd763,301.158443,883.5,30.0,1440.0,1080.0,unict
84995fe3-7ade-4075-932d-274f167c27e1,361.040085,1271.33,30.0,1440.0,1080.0,kaust
84a895b5-f419-4bc6-9ac5-a813ff70ccfe,622.142835,1162.77,30.0,2560.0,1920.0,cmu
84ccc9f7-8e02-4bfd-bd44-1658814df7cc,212.332688,586.94,30.0,1920.0,1440.0,bristol
84d2aa49-2311-47a3-9efe-456d7531e730,55.090477,266.17,30.0,2560.0,1920.0,cmu
84d88f5a-56e9-46d2-905a-df296d640cef,122.883324,385.37,30.0,2560.0,1920.0,cmu
84fc2783-4557-4b80-aa2d-bfb028aa9198,26.241879,111.17,30.0,1440.0,1080.0,unict
8519778b-f5f1-4e6f-8426-c6a7fe262920,402.714696,3693.67,30.0,1440.0,1080.0,kaust
8532e114-f8e4-42b5-987b-fcf0ebb32bf5,228.34721,1082.5,30.0,1440.0,1080.0,kaust
85782c5f-a240-44d9-951c-27f0bb3f7f4c,1044.101755,5751.32,30.0,1088.0,1080.0,indiana
857ba2af-a390-4b83-88cb-7512b3228bd3,4394.234297,1091.07,30.0,1920.0,1440.0,cmu
858c1362-b0e9-4281-9200-a3abc6c524ba,115.9245,64.57,30.0,1920.0,1440.0,cmu
858ec82c-810e-4b1c-bc57-6043984c6508,224.804002,536.63,30.0,1920.0,1080.0,minnesota
85c33c5b-b611-452e-afc4-fb9963206e38,237.492361,412.0,30.0,2560.0,1920.0,cmu
86172d5d-9673-4d94-b663-d9ddc775a313,52.190655,152.47,30.0,1920.0,1440.0,cmu
862ab3db-ce54-4c8d-b5f5-5cfedf7a1f3a,88.285485,975.12,30.0,1440.0,1080.0,unict
863011c8-ebf7-4900-87d1-3c7930f95dab,2987.007891,4259.73,30.0,1440.0,1080.0,kaust
86315f9b-d779-4f7e-925a-bb6e9bd46f5a,14.83795,72.17,30.0,1440.0,1080.0,unict
863dfdec-1e9d-4ccd-8547-feef6c5d1b3c,485.41945,1135.73,30.0,1920.0,1080.0,minnesota
864fa3d8-9b18-44cb-a8e9-9b40765e2d0c,433.078971,817.13,30.0,2560.0,1920.0,cmu_africa
8681962d-9eef-482c-bed3-30c26cb75c3a,1667.821822,340.53,30.0,2560.0,1920.0,cmu
8698a0ea-f434-49f9-a8e4-45220e5d4b2c,522.656251,1235.55,30.0,1920.0,1440.0,bristol
869a2290-5509-49d0-8cc6-e0a0230790d3,546.11004,3558.67,30.0,1088.0,1080.0,indiana
869aa0d2-9557-4f3e-8bc9-c46ca5e2c8ff,764.221176,3539.27,30.0,1440.0,1080.0,kaust
86bb2595-db49-423d-98a6-03c11299a468,195.280526,302.21,30.0,1440.0,1080.0,iiith
8717d09f-391c-4203-8e6c-7fa1f035cdda,345.838021,498.9,30.0,1920.0,1440.0,cmu
8762cf76-5526-43a2-b825-a0c396494c87,844.071172,904.72,30.0,1920.0,1440.0,bristol
876dad36-879c-42eb-977d-b500f7c141d3,735.709933,4010.17,30.0,1440.0,1080.0,kaust
8774b5c6-83aa-43b0-8a51-00f173949944,2057.521308,6900.3,30.0,1920.0,1080.0,uniandes
878666b9-5f3d-476a-960f-3a5d02da7619,21819.64374,24189.3,30.0,1920.0,1080.0,uniandes
878b7d2a-ed21-409c-b523-8fd8c014076b,1112.353775,1495.93,30.0,1920.0,1440.0,bristol
879c0eae-cc23-4dea-8b42-95ffe8e173d1,18.779132,52.67,30.0,1440.0,1080.0,unict
879dd163-7588-45d1-9466-a5deabc59167,349.164742,3610.77,30.0,1440.0,1080.0,kaust
87ae2263-5355-4aae-8ca4-98ad80e9f1b4,79.227082,531.6,30.0,1440.0,1080.0,kaust
87bbc5c0-1b4a-47a5-bfbb-ec417b8e12d1,141.549047,312.41,30.0,1920.0,1080.0,unict
87e3ea8a-ea85-45ff-a5ef-8a9ac28cc221,120.734594,683.0,30.0,1440.0,1080.0,unict
87e5e86f-c37a-4db0-8ea0-8c0fc81ec98d,465.500751,3669.44,30.0,1440.0,1080.0,kaust
8837c861-ef7a-41b1-bb40-a597dd254031,223.843037,676.87,30.0,1440.0,1080.0,kaust
883c2e5a-abc9-424a-9d63-379499652096,232.157772,905.57,30.0,1440.0,1080.0,unict
884ac72b-4360-43cb-a62c-ee5822b07bf1,352.684383,6348.42,30.0,1440.0,1080.0,iiith
887a1aaa-2b7e-41d4-86c6-fa0c9d1015a0,134.84704,446.03,30.0,1440.0,1080.0,unict
88864901-591f-4bde-b169-d4bdea0eb7b2,1586.463753,3529.83,30.0,1920.0,1440.0,cmu
889cdfac-b57e-4fdb-8251-dd119f56f510,790.192125,399.77,30.0,1920.0,1080.0,unict
88b48d98-361c-4663-a406-3c21aeab6972,135.468783,311.67,30.0,1920.0,1080.0,minnesota
88bae242-7f3a-45d4-b129-5d69b1a1e15a,378.47012,708.03,30.0,1920.0,1440.0,utokyo
88faccde-dd5d-4af2-b769-8f0547c2c6a3,4260.913643,1294.63,30.0,2560.0,1920.0,cmu
89193e37-1ed4-4a65-996b-6883f2e1cf61,1650.666343,4045.07,30.0,1920.0,1440.0,bristol
891b4e61-3d8f-4854-9d59-7e5949b3af7b,2248.697606,2189.35,30.0,1440.0,1080.0,iiith
89205677-d7b0-4cf5-87b3-e446be0cd987,460.126153,12014.8,30.0,1920.0,1080.0,iiith
8922d2ba-9a4e-415e-9717-b9a085c153c7,33.374274,50.67,30.0,1440.0,1080.0,unict
892629b0-61eb-425d-97f4-7d213074c435,100.996478,1044.44,30.0,1440.0,1080.0,iiith
8929cc82-46fc-4e81-9b06-5fe8ccd60496,2515.106583,1190.17,30.0,1920.0,1440.0,bristol
8974fb34-f02f-4585-8ea3-d9e423803df7,780.485603,943.29,30.0,1920.0,1440.0,bristol
897f6817-59b4-42cc-9077-9e04cf208a69,1388.235643,3640.64,30.0,1920.0,1080.0,indiana
89857b33-fa50-469a-bbb3-91c8ab655931,40.800908,164.07,30.0,1440.0,1080.0,unict
898afb02-0bde-4fe7-81f8-645b94ac4899,1877.82609,4153.23,30.0,1920.0,1440.0,cmu
898b2af7-1074-4716-a104-b1f48d25cb2f,224.318719,161.7,30.0,1440.0,1080.0,unict
8996ece6-f2c1-49c4-aab7-fee6c30f2ca2,1279.371297,1994.4,30.0,1920.0,1440.0,bristol
899ba208-6938-4112-bc72-6b968f0d28b9,35.194355,486.2,30.0,1440.0,1080.0,kaust
89a95cd8-ca13-4edf-807e-d62138fd30e0,415.187652,3606.58,30.0,1920.0,1080.0,iiith
89af735b-7c13-4366-befe-efd6cd5402ff,335.490812,1667.39,30.0,1440.0,1080.0,iiith
89d8c9c5-fa11-4674-b08f-007f81958555,2572.190355,1800.23,30.0,1920.0,1080.0,minnesota
89e7168c-f17f-4acd-aceb-740ebd0b760e,2122.640243,2681.83,30.0,1440.0,1080.0,kaust
89fb42b8-a974-4c62-b5da-478f290d32c1,176.269844,808.87,30.0,2560.0,1920.0,cmu
8a00f6f3-696f-4ec7-bc8b-d30f361eb9e0,2387.750113,4609.67,30.0,1920.0,1440.0,bristol
8a280483-bbfd-4f24-9654-bf6a008e406d,552.874157,939.28,30.0,1920.0,1440.0,bristol
8a431195-083a-4e07-a99d-28c2591beaef,454.753306,1494.98,30.0,1920.0,1440.0,bristol
8a489210-cca4-439d-90a9-8e0ca40c027c,133.64854,489.07,30.0,1440.0,1080.0,unict
8a4d929b-4092-4471-9059-5017ae138b58,359.32909,1144.2,30.0,1920.0,1080.0,minnesota
8a933a23-55ff-42f2-8f86-c7746b2e09ac,1262.537913,901.67,30.0,2560.0,1920.0,cmu
8af2ed7d-4435-40ce-b3cc-685f28bfcb2d,345.938966,1254.28,30.0,1920.0,1440.0,bristol
8b0fd774-163a-485a-a48b-24293cf458cb,370.230298,812.7,30.0,1920.0,1440.0,cmu
8b5db2ac-f06b-40b0-a097-37e96a3f231f,1084.486312,3422.63,30.0,2560.0,1920.0,cmu
8b64b784-49bd-4491-b564-cb20f83ca4cf,121.454663,1215.82,30.0,1440.0,1080.0,kaust
8b72b54f-f87c-4fdb-84dc-97e42ab111ac,351.999826,1525.95,30.0,1920.0,1440.0,bristol
8bcd5b11-283d-41f9-9b34-8f70b75c2de9,4.334769,29.6,30.0,1440.0,1080.0,unict
8bdd173b-1334-4b89-b77f-76919c45c2c7,7620.959048,2002.6,30.0,1920.0,1440.0,cmu
8bef8b33-a1ee-43e7-a2d0-8cf68653cb0c,546.246991,1016.5,30.0,2560.0,1920.0,cmu
8c1b30cd-f67f-479a-b723-7367528ccb8e,901.98651,1123.1,30.0,1440.0,1080.0,unict
8c2d9762-6c07-434c-9350-3530a83cb376,184.612839,335.06,30.0,1920.0,1440.0,bristol
8c3055e1-a4d4-416a-9d93-24609a961ac8,2729.92068,3035.7,30.0,1920.0,1440.0,bristol
8c335aa9-5caf-4e54-bffb-031ffd452888,1102.380804,2276.27,30.0,1920.0,1440.0,cmu
8c3e4a8e-f4dd-44f8-be1f-3b4d4d503556,107.088011,583.42,30.0,1920.0,1080.0,unict
8c524825-6b5f-46ae-b5dd-c4c8107ba88f,4015.775074,1028.03,30.0,1920.0,1440.0,cmu
8c730e66-aa1b-4a0b-a4ee-db42b1b41f96,154.521204,14813.0,30.0,1440.0,1080.0,iiith
8caa3009-10ad-407b-b837-ec1a26759089,643.115256,2107.86,30.0,1440.0,1080.0,iiith
8cf7f552-c1df-4482-8c0d-db17d098bf02,33.971148,46.2,30.0,1920.0,1440.0,cmu
8d27f903-5c76-4a63-9d0b-2ff2d29ae9a9,301.072378,2286.82,30.0,1440.0,1080.0,kaust
8d30335e-635c-43b6-b1e1-09fa12033416,441.073054,708.03,30.0,1920.0,1440.0,utokyo
8d3337ba-61a1-4c23-abb3-2728ba21adad,194.298355,1229.0,30.0,1440.0,1080.0,kaust
8d3ac72b-5e56-4bb8-9fb2-7b57c8c9f530,313.239226,4107.77,30.0,1440.0,1080.0,iiith
8d4adc89-dcec-42ca-aebc-0d05cafa8f26,174.060419,384.37,30.0,1920.0,1080.0,minnesota
8d50f526-624c-40bd-b696-7ad6ce5746ab,223.797005,487.92,30.0,1920.0,1080.0,unict
8d84ee2b-5dcb-4311-9769-a52e7b68d9e1,164.070249,487.97,30.0,1920.0,1080.0,unict
8d85aa58-438d-413c-b8b3-ae5417737c5c,677.525476,4767.42,30.0,1440.0,1080.0,iiith
8da5f5a1-ae5f-45e8-a7f7-3226547c3c4d,362.18052,1004.97,30.0,1440.0,1080.0,kaust
8db05748-e83e-4422-ac45-de586be75f70,820.101307,1800.0,30.0,1920.0,1080.0,minnesota
8dcbac26-8ea1-4b55-b269-882eda459ee1,814.161428,4662.63,30.0,1440.0,1080.0,unict
8dcd4544-1280-41ec-b7e9-7a5684052d43,1043.746288,614.33,30.0,2560.0,1920.0,cmu
8dd63cb0-6b7b-401d-bbc3-b5f113b67cd8,57.288232,119.77,30.0,1440.0,1080.0,unict
8dd6490b-6291-4793-b05e-79250f87925f,1493.874339,1800.13,30.0,1920.0,1080.0,minnesota
8dfb9329-a70c-4a5a-85c2-39dae4caf3f0,778.782176,636.89,30.0,1920.0,1080.0,unict
8dfdf47b-b446-4866-b38f-54add1a8e702,932.738072,2092.33,30.0,1920.0,1440.0,bristol
8e1920f1-8522-4e98-bcb3-d096550e5113,166.036779,292.8,30.0,1920.0,1080.0,minnesota
8e23dc43-7025-4548-a2bd-0f7d85631602,195.637669,500.97,30.0,1440.0,1080.0,unict
8e58a7b3-43ef-406d-ad5d-901f83418261,3220.729502,13737.0,30.0,1440.0,1080.0,iiith
8e5c3d75-8a5c-45c7-ad7c-3dec1c7615ed,50.463019,140.7,30.0,1440.0,1080.0,unict
8e6f1793-33e7-47af-b565-ed7fd8d4a4a3,203.772412,1312.6,30.0,1440.0,1080.0,unict
8e910cd4-9d9d-477d-b10d-c4bb01135813,148.121674,366.43,30.0,1920.0,1080.0,minnesota
8e9d6e7d-b7e4-436f-9340-90aba67eec4b,189.583011,867.46,30.0,1440.0,1080.0,iiith
8ea8bd4d-8778-4a0e-81aa-3f34044ce7ca,98.447469,903.3,30.0,1440.0,1080.0,unict
8ed1c3ad-c7c8-460a-93a8-66837fdca138,449.807843,1646.91,30.0,1440.0,1080.0,iiith
8f571b67-7e83-40b2-ba9a-61e2ba1bedee,61.346549,69.07,30.0,2560.0,1920.0,cmu
8f693e8a-5ea4-4b0f-93fd-787fe5f481df,3068.035191,1294.8,30.0,2560.0,1920.0,cmu
8f847cfc-ae36-461c-a96b-8fc58766fb2d,101.991741,316.25,30.0,1440.0,1080.0,iiith
8fafc02a-ef7a-46f4-ae97-b0c68c8bb207,6796.052802,16089.2,30.0,1920.0,1080.0,uniandes
8fb142f0-8eb4-4c90-8e3d-08d1bcc2314b,938.12995,1612.46,30.0,1440.0,1080.0,iiith
8fc2c084-ff56-4112-af4a-dfa2609f17c3,102.745682,578.73,30.0,1440.0,1080.0,kaust
8fca1865-7ce7-4a3e-8797-530f15d30bdf,124.504474,426.18,30.0,1920.0,1080.0,unict
8fdc8697-27a3-4a1f-b4a0-fde63d4cfd48,444.926645,569.3,30.0,1440.0,1080.0,kaust
8fe9742a-355f-4503-9652-0a9ebaf0ed42,195.662171,1262.0,30.0,1920.0,1080.0,nus
8ff7558e-8f83-41a6-9860-792aaad455dc,57.303178,154.5,30.0,1920.0,1080.0,minnesota
90093217-6a61-48ce-b737-e581499cf491,609.118924,1904.9,30.0,1440.0,1080.0,kaust
90106182-3016-44d2-a675-c1c70626ef7b,385.671705,864.9,30.0,1440.0,1080.0,kaust
9043ef3a-0891-4760-b90d-e653fa8ad69b,171.510943,912.27,30.0,1920.0,1440.0,bristol
9061bd1f-52ee-4aee-bbff-93c186cca302,2.280458,28.0,30.0,1440.0,1080.0,unict
906447e1-6120-4393-85df-f5f1c9d9ea90,54.939302,146.7,30.0,1920.0,1080.0,minnesota
907fd0e7-6821-4e2d-9c62-6d7afad5a9d1,404.504796,1943.27,30.0,1440.0,1080.0,iiith
9089e01e-c28e-4767-9478-ffd7daba9b79,269.462026,2116.16,30.0,1440.0,1080.0,iiith
90999b6f-76c3-432f-b44b-76f5e5ec5d96,8.587379,34.83,30.0,1440.0,1080.0,unict
90a0c76e-f62f-4f49-888f-5478b6ccab5b,1955.136914,547.33,30.0,1920.0,1440.0,cmu
90cbbad7-2a46-4b4c-8ed5-eb1dbce6f89b,6.249201,257.1,30.0,1440.0,1080.0,kaust
90e4acc5-28a2-4bd4-972c-c6f7e18e1cde,342.409832,1955.77,30.0,1920.0,1080.0,unict
90f8d8f3-21af-4554-a56d-fecf36467855,49.979405,88.4,30.0,1440.0,1080.0,unict
9110494f-6161-4b4a-bc98-24edeb529ccd,46.82967,94.23,30.0,2560.0,1920.0,cmu
91155366-856d-445b-8324-f7db85a51628,4404.002631,18720.3,30.0,1440.0,1080.0,iiith
913b4f05-ec61-409a-bdef-f3c1cc0f6ae0,1063.558887,1262.11,30.0,1920.0,1440.0,bristol
9150651c-c1a1-477a-b88c-e2b05e4402ed,1471.942992,2079.47,30.0,1440.0,1080.0,iiith
9155f5b9-6235-484f-990d-fbd3010a791e,299.758627,2476.87,30.0,1440.0,1080.0,kaust
915a7fd2-7446-4884-b777-35e6b329f063,510.723137,1761.79,30.0,1920.0,1080.0,frl_track_1_public
918c1f07-e923-4ca7-bebc-779c3ef01222,661.523251,1986.23,30.0,1440.0,1080.0,kaust
919492eb-9aa4-4a82-a2ba-4640d0ea316d,34.99976,101.4,30.0,1440.0,1080.0,unict
9198b9a4-8d8f-4ba6-9924-4c86982d890a,2206.421763,3600.0,30.0,1920.0,1080.0,minnesota
91a17f87-385d-42bd-a916-54fe5dade524,2492.920503,3754.3,30.0,1920.0,1080.0,minnesota
91c006d8-b55c-4426-a7b6-dd527a8ec27d,1227.792518,5162.89,30.0,1440.0,1080.0,iiith
91d8efe0-bf5f-4bbf-b47c-2852acd36e54,272.536756,286.27,30.0,2560.0,1920.0,cmu_africa
91e3e6ce-bc01-4720-a490-e319dd380509,687.136356,2775.91,30.0,1440.0,1080.0,iiith
91f5bcd9-fd21-4b72-8416-d8350abe2cb1,133.695166,574.1,30.0,1440.0,1080.0,iiith
921a4136-c38e-4491-8215-dde41aacdb7c,239.174577,791.73,30.0,1440.0,1080.0,unict
9239bf0f-db8c-4378-866d-15f302da08b5,229.262542,708.03,30.0,1920.0,1440.0,utokyo
92540c42-ea23-4838-9348-a39901344049,152.268091,642.13,30.0,1440.0,1080.0,iiith
92ad7536-af93-4cd5-bf87-fc2829a460a2,805.897786,1800.13,30.0,1920.0,1080.0,minnesota
92c6850a-d0e9-4c8c-b75a-8452764ff856,6424.994684,4034.67,30.0,1440.0,1080.0,unict
92f8142a-25aa-444a-ae37-43fae4f95f18,321.2441,895.37,30.0,1440.0,1080.0,unict
93357145-49fb-4128-b5da-25bc9602daf0,1216.401368,1557.9,30.0,2560.0,1920.0,cmu
935f591f-9184-4ea8-869a-4c56d7029aa4,555.286611,1473.8,30.0,1920.0,1080.0,minnesota
937ce95b-1fd0-4a2b-a9ed-8f9359dd38f1,1310.058727,4092.47,30.0,2560.0,1920.0,cmu
937e5809-09d0-4c6b-8d9e-9329e0cf6218,359.341369,3696.53,30.0,1440.0,1080.0,kaust
9395b260-74a2-4b0b-8a79-dc0b7aec698a,290.114203,897.87,30.0,1920.0,1080.0,minnesota
939b2e2b-39b8-4d4e-aeac-1b939840cfab,30.091149,243.58,30.0,1440.0,1080.0,iiith
939dcf5d-c88c-4f93-b300-982adaff5ce3,513.64932,522.03,30.0,1920.0,1440.0,cmu
93a5f8cb-d7eb-4e5a-9913-77ef1487ce61,2592.795491,4495.47,30.0,1440.0,1080.0,kaust
93ba1e92-f21c-45b8-9862-6e15e2e2742c,177.789481,462.3,30.0,1920.0,1440.0,bristol
93d50e4c-0a3b-430a-8267-01fbe5f302f4,261.032742,708.03,30.0,1920.0,1440.0,utokyo
93dd0d73-4bba-42b8-a382-18ecec4e3c6f,6.450479,45.23,30.0,1440.0,1080.0,unict
93f5cc14-13bf-44b3-8cf6-309aaf265a5d,448.639413,2817.0,30.0,1440.0,1080.0,kaust
93f78437-229d-4824-a8c1-68d9b17e754d,749.654641,2322.98,30.0,1920.0,1440.0,bristol
941a7e25-09f7-4bed-a427-1022a8711783,824.511673,3642.75,30.0,1920.0,1080.0,indiana
9423d805-13a8-4281-bd68-ed4a3b0c449c,487.157433,1403.43,30.0,2560.0,1920.0,cmu
9434b584-177a-49ea-8402-078e9d7f933a,380.704667,1737.9,30.0,1440.0,1080.0,kaust
9439c7e7-2eb7-4651-80b9-aac3a0795c96,411.431707,1210.75,30.0,1440.0,1080.0,iiith
9440d47e-8bd2-48a8-a85f-1ce407fd03b7,1582.442746,3971.02,30.0,1440.0,1080.0,iiith
945c7df4-7207-4e5d-88a3-c916c229d762,431.568289,640.36,30.0,1920.0,1440.0,bristol
94658f85-94ac-46f2-a13b-057e84624f6f,1543.473528,2116.16,30.0,1440.0,1080.0,iiith
946c850d-de94-4056-8c44-abce8f395a04,1040.446698,1761.72,30.0,1920.0,1440.0,bristol
94797ff8-a780-4f2b-8e0b-0242f8ffee19,610.287085,2126.22,30.0,1920.0,1440.0,bristol
947aeb0a-78c2-4667-aea5-b7fa6bc05ff7,2768.077708,3651.55,30.0,1920.0,1440.0,bristol
949dd155-f658-4cd4-89da-641628d6c620,20.116547,70.3,30.0,1920.0,1440.0,bristol
94afcdb9-fa91-41a2-8949-64a1a2327f4d,5403.955514,1062.0,30.0,2560.0,1920.0,cmu
94be9e36-7a4b-4b38-8af3-bb395f144b06,181.129225,545.4,30.0,1440.0,1080.0,kaust
94c00d09-b785-4928-bc86-e84538dd9b8d,24.131917,210.43,30.0,1440.0,1080.0,kaust
94c24bfc-c712-4e7e-9be0-4ea3ac215a79,850.234033,1800.13,30.0,1920.0,1080.0,minnesota
94cdabf3-c078-4ad4-a3a1-c42c8fc3f4ad,521.468257,708.03,30.0,1920.0,1440.0,utokyo
94d5eff8-0fac-4719-adf2-5c0208ab89f7,444.678119,3299.07,30.0,1440.0,1080.0,iiith
94ded89b-7999-4ce2-9564-7aba1e8bee1e,168.394408,170.5,30.0,2560.0,1920.0,cmu_africa
94e8fb8f-ecf5-409c-940b-a5c966ea2837,532.071746,3538.55,30.0,1440.0,1080.0,kaust
95114c1f-5849-4b40-ab78-7d415034d6f8,109.227242,515.83,30.0,1920.0,1080.0,unict
952b1fa3-05cc-4c2b-8897-47d02cd598b8,36.621098,214.74,30.0,810.0,1080.0,iiith
952f40df-b1d7-4562-afe4-2a4ff569e949,5105.259963,2953.03,30.0,2560.0,1920.0,cmu
9531cee8-0f60-4a68-8243-397ab7670a75,126.943656,967.83,30.0,1440.0,1080.0,kaust
9567030a-6a75-45b2-80c2-9af812271e7c,163.803453,475.7,30.0,1440.0,1080.0,unict
95673c4c-9c12-4eba-949b-9bd7a29d299d,53.1344,163.4,30.0,1920.0,1080.0,minnesota
95a8fcdb-1010-432f-a2e0-9aba00b2ccfb,2107.189479,7094.49,30.0,1440.0,1080.0,iiith
95aa4159-3ad7-46f3-ad1e-c85e6b64659c,50.221166,365.67,30.0,1440.0,1080.0,kaust
95b0ae61-6063-4b35-a406-edfefeffe43d,1188.019339,3242.13,30.0,1920.0,1080.0,minnesota
95d8c9cd-7d4f-4902-b0a5-a9c198a988be,542.988959,906.83,30.0,1920.0,1440.0,bristol
95e3cefa-e6a2-4c1e-831d-616a86ff177b,309.308414,1871.83,30.0,1440.0,1080.0,unict
95f5a981-f5e8-40b9-bcd5-734c0a6a82a5,58.262546,500.37,30.0,1440.0,1080.0,iiith
9632b0a9-cf21-4773-b95b-83aae9a23d0a,807.241122,4041.7,30.0,1440.0,1080.0,kaust
96335e41-036f-4cda-88a8-e0914a1d54b2,533.452991,1050.43,30.0,2560.0,1920.0,cmu
967a59be-d86f-46af-8cd4-b796efce48a1,89.669524,496.34,30.0,1440.0,1080.0,kaust
968139e2-987e-4615-a2d4-fa2e683bae8a,1238.558546,3280.76,30.0,1440.0,1080.0,iiith
96cf5a2b-a6e5-40ff-9610-6ca555456551,135.241356,237.23,30.0,1920.0,1440.0,cmu
972f2966-c368-4344-a9ca-5bd8a277f177,1105.628035,3379.37,30.0,1920.0,1440.0,cmu
972f660f-27ad-49ae-bf00-8da9d6d8d708,487.757364,1800.0,30.0,1920.0,1080.0,minnesota
9732292c-19dd-4457-8b29-c6e18cc82977,28.631403,113.45,30.0,1440.0,1080.0,iiith
97540512-8d9d-4c0a-b3b1-885b4b1c40b2,565.325833,1238.66,30.0,1920.0,1440.0,bristol
975442f2-38d0-471e-8989-7e6668abe679,378.941415,531.57,30.0,2560.0,1920.0,cmu
97811639-7def-4034-8083-a82a59156234,252.762525,612.53,30.0,1920.0,1080.0,minnesota
97c1c805-291f-4b2f-bef9-0495d9d2fc92,390.236426,822.74,30.0,1920.0,1440.0,bristol
97dcbd5f-6f17-4208-8129-0dbd5a9ff89d,211.192715,1372.8,30.0,1920.0,1440.0,bristol
97e4effd-1b19-4e02-982d-692f8cb21b9f,222.131709,531.07,30.0,1920.0,1440.0,cmu
980b8448-19df-458e-877a-3dd3e7fa75a5,66.822106,249.07,30.0,1440.0,1080.0,iiith
98172f49-6b2b-4376-8e88-b80f64a2e1f2,166.906593,752.3,30.0,1440.0,1080.0,kaust
9827a535-6963-434f-ad79-1940aa622c22,1281.575554,1408.23,30.0,1440.0,1080.0,kaust
982e2d58-f1a9-444b-9151-756a920dcd9e,315.697057,708.03,30.0,1920.0,1440.0,utokyo
98434f4c-6216-4067-ad59-4a89cb47bb9b,50.421345,336.6,30.0,1440.0,1080.0,unict
984c9fcb-525c-4514-b22d-9e440d121332,165.11217,142.6,30.0,1920.0,1080.0,minnesota
986a0113-6bf3-4426-84a5-c5a78c1ee494,344.099867,708.01,30.0,1920.0,1440.0,utokyo
986df253-a3bb-4fa5-b7d2-0638f83bd7cf,332.523156,1144.53,30.0,1440.0,1080.0,unict
98a6780f-60c2-452f-8862-3f5265e4f629,366.613285,1063.2,30.0,1440.0,1080.0,kaust
98bda8e8-4dee-4374-8357-e611bee6238b,826.175965,5324.38,30.0,1440.0,1080.0,iiith
98d8c17a-ce41-4b9d-ae28-ca785d60be01,5.432434,27.53,30.0,1440.0,1080.0,kaust
98dc31a1-edbb-42d6-8d1c-0b43fe6f9c28,318.100467,832.17,30.0,1440.0,1080.0,unict
98e1ab52-1a5c-40b3-a502-61b25db0fba2,441.074259,788.93,30.0,1920.0,1080.0,minnesota
98ed45f1-3e9f-426a-bcf4-3d3036138a28,98.718524,393.0,30.0,1440.0,1080.0,iiith
98fcbc28-9542-4f3c-9a03-73af08fb989d,404.301621,1381.16,30.0,1920.0,1080.0,frl_track_1_public
98fdad00-49db-478f-bc77-c7d06992882e,334.219668,1257.64,30.0,1920.0,1440.0,bristol
992af5dc-64ff-4e24-b324-cc3df15be595,151.074146,749.95,30.0,1440.0,1080.0,iiith
99373490-3d99-4339-84e4-4b461c20b052,798.420729,1800.0,30.0,1920.0,1080.0,minnesota
994616c8-63b0-47bd-a526-0680f4acff9e,972.709045,1800.0,30.0,1920.0,1080.0,minnesota
99482472-b8cc-47c9-9f54-e0ff4e42182b,323.845326,2642.53,30.0,1440.0,1080.0,kaust
9957a25a-8ef1-4538-a51e-f8c5ab8c2bc4,34.690711,375.6,30.0,1440.0,1080.0,iiith
995e276c-fe41-4d32-bf55-ebbf269c6051,4.47723,25.97,30.0,1440.0,1080.0,kaust
9961615a-7e54-4b22-84ee-8e05f52c22df,285.090716,642.77,30.0,1920.0,1440.0,utokyo
998100d5-7fc9-40fd-b136-54eb3aa7628a,1278.333244,2575.0,30.0,1920.0,1440.0,bristol
99a60ee6-9f6a-40a6-aa73-db2138710552,364.344208,2191.43,30.0,1440.0,1080.0,kaust
99a632bf-2f91-4e9a-9974-837dcf2a0fea,265.242192,1175.13,30.0,1440.0,1080.0,kaust
99a89af1-a535-477c-88a8-c0830ba33486,154.060225,1839.07,30.0,1920.0,1080.0,nus
99a9f3f2-1836-428e-a914-390dd5645439,282.069403,1176.2,30.0,1920.0,1080.0,unict
99b5f1cf-672b-4429-b547-6d7b444fe75f,149.729652,266.1,30.0,1440.0,1080.0,unict
99ef681a-abb4-4c7f-982c-1b2526fe8285,62.731061,271.03,30.0,2560.0,1920.0,cmu
99fa0600-e9a0-46bb-bb9c-15db7e3e7214,473.829035,1829.27,30.0,1920.0,1440.0,bristol
9a0a2d01-c4e0-4e30-8a69-642070d59ea9,848.79136,1863.97,30.0,1920.0,1440.0,bristol
9a11ed56-18c6-4c97-abb8-6798ba5f4c7f,593.528317,1523.5,30.0,2560.0,1920.0,cmu
9a30454f-b06b-45b7-a8a0-90d3f4ea2eb1,274.353586,5290.36,30.0,1440.0,1080.0,iiith
9a4ed30a-1535-4eaa-b9dc-40437b77f852,894.536409,1641.31,30.0,1920.0,1080.0,nus
9a5734df-04c0-467c-8e8c-8e1247653964,219.925129,1711.67,30.0,1440.0,1080.0,kaust
9a607b5c-d0cd-4d02-be3e-ad2d3e643f3c,27.393537,420.74,30.0,1440.0,1080.0,iiith
9a63a726-df18-4114-9113-86e04fba8eff,560.620683,5149.31,30.0,1440.0,1080.0,unict
9a72884e-c751-46ec-880f-df931da67cda,362.084717,1646.87,30.0,1920.0,1440.0,cmu
9a732221-3adb-4903-b61d-9b8097965fbf,590.911055,3997.33,30.0,1440.0,1080.0,kaust
9a7a189e-3494-40c0-84ee-5be47af574f7,380.317333,1461.57,30.0,1440.0,1080.0,kaust
9a968109-3a9e-4e6d-a0e8-fed2ec1128f8,976.522496,1024.17,30.0,1440.0,1080.0,unict
9ad4f150-15fe-4e1b-b145-331475afbe0c,766.304644,3025.77,30.0,1920.0,1440.0,cmu
9adb762e-4baa-4328-bc76-a2662c6a9977,704.915821,1328.0,30.0,1920.0,1080.0,minnesota
9adc0c59-1167-4311-abf3-7b57a0743b1d,68.448037,605.17,30.0,1440.0,1080.0,unict
9ae0a813-9874-45a9-bdea-3add693f7937,798.403855,821.67,30.0,1920.0,1080.0,minnesota
9b14c997-a2a2-4920-84e2-8278c66e860a,118.353063,1063.1,30.0,1440.0,1080.0,unict
9b316b36-7f09-450d-b397-1961723fefb7,3272.52139,5312.27,30.0,1440.0,1080.0,iiith
9b45530e-a510-44d8-81fc-afc8252eccdf,361.182203,2888.77,30.0,1440.0,1080.0,kaust
9b4f4427-bf75-4d57-aaa5-31fcc4502c2c,84.237062,193.87,30.0,1920.0,1440.0,cmu
9b58e3ab-7b6d-4e79-9eea-c21420b0eedc,119.81076,510.21,30.0,1920.0,1440.0,utokyo
9b8cf89b-e80b-47d1-ba5d-5b0a5a526285,177.167529,932.27,30.0,2560.0,1920.0,cmu_africa
9b8e8dc6-4069-4ef4-b8b2-edeb76894d53,499.444407,708.01,30.0,1920.0,1440.0,utokyo
9b9364bc-a51c-43a1-a82e-628c4078d5c2,230.637755,3493.73,30.0,1440.0,1080.0,kaust
9b990848-7edb-4501-b8ff-5ada88405592,116.853374,342.5,30.0,1440.0,1080.0,kaust
9b9bc83f-72f6-46cd-96dc-751356a1b09d,309.209452,1497.37,30.0,1440.0,1080.0,kaust
9bc45fb0-102d-4bf6-92f0-2181c28976fb,979.142442,582.63,30.0,2560.0,1920.0,cmu
9bfeaf23-da61-481b-a939-75ea82966c65,1094.307449,3642.75,30.0,1920.0,1080.0,indiana
9c05c378-1692-4670-a47f-3e24557cbb1c,308.440156,902.53,30.0,2560.0,1920.0,cmu_africa
9c2f095e-3451-4376-a1ea-e6b504b8a8d2,789.261425,2699.63,30.0,1440.0,1080.0,unict
9c59e912-2340-4400-b2df-7db3d4066723,8546.652893,3042.37,30.0,1920.0,1440.0,bristol
9c5e1a43-6836-4b8d-a4e9-d80aa7b4b62a,373.313834,982.23,30.0,2560.0,1920.0,cmu
9c785597-7d3e-4831-a8b9-9e640e3bbb83,125.748722,352.27,30.0,1440.0,1080.0,unict
9ce38d97-5285-4ea7-bc44-b385acabcf92,147.794494,548.7,30.0,1440.0,1080.0,kaust
9d1f1f10-32fc-4d7d-8131-4254c68fb845,246.585017,730.33,30.0,1440.0,1080.0,iiith
9d2ec4ad-945f-4614-b41f-24260de662f6,391.085561,1711.42,30.0,1920.0,1440.0,bristol
9d4612dc-de21-48a6-a003-0f7485adb8cd,3784.690248,4555.24,30.0,1440.0,1080.0,iiith
9d5d11a6-add1-45bb-b015-1306dbad8b6f,950.431952,1864.67,30.0,2560.0,1920.0,cmu
9da4b8a6-d09f-433e-ab23-96032e2b7aa7,37.454719,131.57,30.0,1920.0,1080.0,unict
9db435f7-e89c-44fe-842f-2544b2660507,36.327403,279.15,30.0,1440.0,1080.0,iiith
9dd29951-5080-4392-8bcd-2446e6af90fe,930.39371,1536.53,30.0,1920.0,1080.0,minnesota
9dd5ddce-7214-4c54-8e3f-04d32cf9c911,146.703544,1371.22,30.0,1920.0,1080.0,frl_track_1_public
9de3eb6e-6992-47ce-85f4-c5791111d4b5,507.410142,1651.18,30.0,1920.0,1440.0,bristol
9df7ece6-df68-4158-a294-06aa242c2b9d,409.184894,1114.46,30.0,1440.0,1080.0,kaust
9e0d303c-c450-4ed6-be3c-2f0a271e5fb4,62.508751,813.27,30.0,1440.0,1080.0,unict
9e0dfc08-330b-489b-afa7-880993e1a7a7,138.987787,548.67,30.0,1440.0,1080.0,unict
9e6982bd-f7fd-47ab-98c2-0b17c8e99d06,627.947278,1262.83,30.0,2560.0,1920.0,cmu
9e76a664-9014-4630-94dd-26b3b2594576,652.290363,1800.0,30.0,1920.0,1080.0,minnesota
9e99e8b0-b99d-4c0b-9095-3bed41d74f5d,551.037638,1889.53,30.0,2560.0,1920.0,cmu
9e9c5b05-c7d4-450d-9850-e6ae83caa9a5,602.329673,3449.13,30.0,1440.0,1080.0,iiith
9ea8ed74-10f8-41ef-ba83-7744a453049f,3.761113,23.8,30.0,1440.0,1080.0,unict
9ee62f5e-d147-45c5-a563-3aa45e3d0bf0,321.607213,2172.13,30.0,1440.0,1080.0,kaust
9efbc0ef-4d0a-41ae-ad37-74f530ceeff0,112.917842,276.54,30.0,1920.0,1080.0,unict
9f5253af-acc3-40ca-b8bf-7b931f875bd7,345.449768,590.87,30.0,1920.0,1440.0,utokyo
9f5b658c-1958-4fa0-b67d-3b365c49b919,561.796607,1688.73,30.0,1920.0,1440.0,bristol
9f7bde63-efa3-4fc2-b8df-c888dbf8622a,66.739035,77.03,30.0,1440.0,1080.0,unict
9fabfbc8-1d5c-495e-9bb2-03795f0145ae,31.439786,179.27,30.0,1440.0,1080.0,kaust
9faf5095-8741-4b2d-8b2e-e803467c7130,1150.255397,4339.49,30.0,1440.0,1080.0,iiith
9fd11936-e3e9-4043-b2ef-a29c3b3575ed,1256.347518,4059.8,30.0,1440.0,1080.0,kaust
9ff8c35c-bd28-436f-b35b-ee460f983a67,444.675805,663.8,30.0,1440.0,1080.0,kaust
9ffdb530-718d-4898-aeba-1f7832a4c13b,72.997255,215.23,30.0,1440.0,1080.0,unict
a00c0367-4ed0-4e47-962c-62b4121ae0d2,175.913212,1860.43,30.0,1440.0,1080.0,unict
a037eb93-9749-4022-8925-471aefb946b5,484.374002,708.03,30.0,1920.0,1440.0,utokyo
a055e4e8-cc07-47c1-a438-06f45c4f724c,676.757213,3977.7,30.0,1440.0,1080.0,iiith
a06ac945-e65f-4259-9563-00bbcf62436f,377.144675,881.5,30.0,1920.0,1080.0,minnesota
a0705b91-51b7-489d-8b7d-09282f85db6e,6019.468789,3218.53,30.0,1440.0,1080.0,unict
a0b158a7-745c-40ce-a5b2-d341feefdac0,93.12338,707.8,30.0,2560.0,1920.0,cmu
a0d1444a-7f22-4575-adfe-d7a27436c545,63.997834,123.6,30.0,1920.0,1440.0,cmu
a0d266e9-284b-4e31-b7fa-5803b3805574,626.610863,1466.8,30.0,1920.0,1080.0,minnesota
a0d60a9f-380d-42d8-b73d-b652f639b060,129.723075,725.87,30.0,1440.0,1080.0,unict
a0d770d9-82d2-4760-b4ca-f3e52b5162cd,432.751558,957.73,30.0,2560.0,1920.0,cmu
a0fb1c27-47d1-442b-825e-3912fef3222a,4885.02195,2062.2,30.0,2560.0,1920.0,cmu
a0fb8289-7d55-4af3-9d2b-2b3e4a12ab65,1144.676162,4394.37,30.0,1440.0,1080.0,kaust
a10443b8-c77d-4da3-b1ac-5358839c528a,247.703405,1409.17,30.0,1440.0,1080.0,iiith
a1165782-5a0a-45d6-a36e-2c3ea9b48a9a,1834.79792,2221.16,30.0,1440.0,1080.0,iiith
a13a145f-920a-44ec-8aef-b489c097f4a7,955.677811,1749.2,30.0,1920.0,1080.0,minnesota
a16dde53-8a4d-4246-aab4-9759f0af81f0,999.282423,1845.97,30.0,1920.0,1440.0,bristol
a17b1c4f-3654-4385-b4eb-1a0f574a2a35,272.659698,1804.45,30.0,1920.0,1440.0,bristol
a1cc6952-7ffe-45e3-9c40-6fdfa331b857,450.178542,963.94,30.0,1920.0,1440.0,bristol
a1cf9215-730c-4c5a-9980-3108250984c2,319.881049,693.78,30.0,1920.0,1440.0,utokyo
a23b3840-0a21-4bdc-87df-b0c3b7df6bd2,399.184248,1245.47,30.0,1920.0,1440.0,bristol
a2437493-31b9-4574-9a35-3bdb8f38196d,9970.218815,15201.3,30.0,1920.0,1080.0,uniandes
a267b011-b1db-4e3c-aa49-438e2afdd6dc,510.732495,1000.5,30.0,1920.0,1080.0,minnesota
a2782998-77b3-47a5-ac62-ce483a420711,297.712491,1598.37,30.0,1440.0,1080.0,unict
a2942aa8-a9be-420e-b24f-b3a96a2b581c,7.666664,51.4,30.0,1440.0,1080.0,kaust
a2b38cad-b708-4956-8d37-0b8f474c75f5,317.79243,4732.64,30.0,1440.0,1080.0,iiith
a2c2baf8-ae99-4535-898a-86dac945c62e,205.368235,468.57,30.0,1920.0,1080.0,minnesota
a2c3a84e-ae75-4e72-8a52-64511ed67080,569.252089,1871.1,30.0,1920.0,1080.0,frl_track_1_public
a2dbc620-604b-4e1f-891d-570e4eaf1809,8.522724,105.8,30.0,1440.0,1080.0,unict
a2f25985-0589-42ca-af57-58930079dfb9,5775.337108,13674.1,30.0,1920.0,1080.0,uniandes
a31c165c-9044-471a-962b-fec98b2da808,162.703962,427.63,30.0,1440.0,1080.0,kaust
a32e3749-3ec6-4865-b5f2-067d05c04190,1742.09445,2675.73,30.0,1440.0,1080.0,kaust
a348f979-bf8f-4ff7-9fc1-8d2c370a6021,2300.809605,2657.83,30.0,2560.0,1920.0,cmu
a3a1246c-97fd-4824-be9e-f4e261ab525c,661.195455,3701.47,30.0,1440.0,1080.0,kaust
a3ba5558-2bd5-48c4-abb2-bf675ca6b824,158.637316,3134.29,30.0,1440.0,1080.0,iiith
a3c41b4b-6dc7-4e69-b04b-ca30b4f1c185,597.133608,1848.08,30.0,1920.0,1080.0,frl_track_1_public
a3c4eb3f-2d62-4730-8476-6c161d0a75ea,42.144824,69.4,30.0,1920.0,1440.0,utokyo
a4375d98-e295-4e7d-a718-d8af066e3d57,2399.467439,1709.67,30.0,2560.0,1920.0,cmu
a4376199-d428-480d-a80d-9706f391920d,79.842077,599.83,30.0,1440.0,1080.0,unict
a4528822-10e4-4e2d-8912-f6638d14572d,113.929619,284.03,30.0,1920.0,1080.0,unict
a45dfce3-426f-4a51-956b-7ad5b5fb0528,652.317991,531.07,30.0,1920.0,1440.0,cmu
a47718d6-30dc-4afa-8088-a62e1e81d3e6,154.111702,379.1,30.0,1440.0,1080.0,unict
a49bdcc8-8f23-445d-bae0-8d9e5c4d9c63,903.05351,1800.13,30.0,1920.0,1080.0,minnesota
a4b2fae6-df69-4112-8c4f-1d9cdcaf1f6f,13.144295,19.47,30.0,1920.0,1440.0,cmu
a4bbdddc-c222-4535-a616-57ccbc8f9b9e,22216.977486,10645.2,30.0,1920.0,1080.0,uniandes
a4d935e5-68f9-4762-8831-51a8186456f7,454.828707,172.93,30.0,2560.0,1920.0,cmu
a4eead21-a20a-45a3-9d6e-27318e60c997,467.445068,1063.03,30.0,1920.0,1440.0,bristol
a5066bee-6831-4451-86cc-1ca718487b50,399.798176,1882.6,30.0,1920.0,1440.0,bristol
a54b4d01-0962-4e75-be97-a9f50edb43a9,112.269255,1186.37,30.0,1440.0,1080.0,iiith
a54d5238-31c1-4dad-af0d-9ea535dfb5f4,421.640594,690.03,30.0,2560.0,1920.0,cmu
a55f10fd-9052-45a3-8a23-efc6edc333a9,235.539811,809.77,30.0,1440.0,1080.0,iiith
a56c188b-0bb8-4285-bf1f-aed452dacc1e,2054.39429,1450.4,30.0,1440.0,1080.0,unict
a5725de0-6388-480f-8d91-d53240a7e6c5,518.838765,2070.47,30.0,2560.0,1920.0,cmu
a5739422-9281-49d2-b15f-2a275cd478d3,109.724406,707.73,30.0,1440.0,1080.0,kaust
a5a18432-a899-4b77-bd8a-cba68f505920,836.371166,1800.17,30.0,1920.0,1080.0,minnesota
a5b672f3-8715-47c9-ab44-57b657e4d4df,226.477674,274.3,30.0,1920.0,1080.0,unict
a5d416f3-723a-4181-8ed3-3e3c97a4cd3c,841.445373,2374.08,30.0,1920.0,1080.0,unict
a5fbdb00-de6c-4a16-8c46-32a6333a4865,206.688825,1465.8,30.0,1440.0,1080.0,kaust
a5fe04fd-4224-4a95-a3df-33d339570a0d,49.036181,455.97,30.0,1440.0,1080.0,unict
a62958d9-c4d1-4123-9e92-508885240558,688.739203,3435.73,30.0,1440.0,1080.0,kaust
a6419de9-1e40-4793-b21b-9c8d9038835a,340.727293,721.4,30.0,1920.0,1440.0,bristol
a655a897-19ed-4466-b67e-3a6d6c03c438,1218.835991,1772.9,30.0,1920.0,1080.0,minnesota
a66d4dd8-ecf5-45fd-824c-267ea2440c67,664.937337,5290.36,30.0,1440.0,1080.0,iiith
a67789f8-3788-4a8d-aba8-9b2c2945d457,586.057775,5290.36,30.0,1440.0,1080.0,iiith
a69ae4a8-8e1d-47c1-bbd0-de2bb4a33fca,183.042102,531.07,30.0,1440.0,1080.0,unict
a6bd7096-ada1-4fe1-a81b-3b7609a39f31,195.017812,375.3,30.0,1920.0,1440.0,utokyo
a6db4f59-12b1-45ed-a9b0-70974a28dd64,25.243956,106.43,30.0,1440.0,1080.0,unict
a6fb31a3-eca4-4e8f-a23b-16e4f2a9269b,571.833182,4497.53,30.0,1440.0,1080.0,kaust
a724d611-35fa-498b-af1f-bb0955622242,72.591925,347.05,30.0,1440.0,1080.0,kaust
a7269289-c6ff-4022-a1a5-10b9341ae93e,546.360473,1952.23,30.0,2560.0,1920.0,cmu
a7447699-b626-4e1a-932d-5cfc102c1834,1036.655375,3265.44,30.0,1440.0,1080.0,iiith
a75199b2-6032-427c-bb94-0429e97e1859,113.477844,440.22,30.0,1920.0,1440.0,bristol
a75999e6-8eb8-44fa-b562-4de92cd825e3,169.849803,2152.2,30.0,1440.0,1080.0,kaust
a77c0e56-3880-48bf-b6bf-9d46c6a42fc7,1306.758292,16084.7,30.0,1440.0,1080.0,iiith
a788c026-f465-4367-8d27-ef601fa157f6,1143.578274,1908.09,30.0,1920.0,1440.0,bristol
a7a31f23-8348-405e-a01a-cad63010bcc7,418.834653,572.57,30.0,2560.0,1920.0,cmu_africa
a7a4014b-f938-49ca-bd5f-f5bb88843ac4,52.222282,147.67,30.0,1440.0,1080.0,unict
a7bffd05-bb79-45cd-8bd1-8c30c5553ddf,246.256176,656.37,30.0,2560.0,1920.0,cmu
a80515ff-59ca-4d48-8769-94ca8d588973,15.23788,62.33,30.0,1440.0,1080.0,unict
a8096de6-1f29-4d82-9fb1-833e8d4277fa,6.494786,64.06,30.0,1440.0,1080.0,iiith
a8175d36-481a-4c4d-9928-f1d31cb2254b,352.398165,1765.0,30.0,1920.0,1080.0,nus
a81f5843-ccf2-4bfb-bd6a-e5ca3f309eb3,182.741855,3589.6,30.0,1440.0,1080.0,iiith
a8352e76-67ef-4d3b-8c4a-b16b32435018,875.561532,2151.6,30.0,2560.0,1920.0,cmu
a8425172-35e9-4b94-9360-91328e84ea47,52.885097,440.74,30.0,1440.0,1080.0,iiith
a843bc1d-8a58-4aea-9c56-b7c042011941,2569.807343,1725.28,30.0,1920.0,1440.0,bristol
a8486c50-4576-41e3-a9ad-ee809e40c648,144.748873,1039.5,30.0,1440.0,1080.0,kaust
a84b3599-88ba-4bbd-8be3-c0051e8d811f,417.778175,5295.36,30.0,1440.0,1080.0,iiith
a84e378e-c9d5-4ace-8e42-e07b95784746,47.084191,193.84,30.0,1440.0,1080.0,iiith
a850112c-68e3-45d7-9fc0-9ada21e970a4,247.164197,651.44,30.0,1440.0,1080.0,iiith
a8552764-45e5-43da-9b99-c2e6cac405be,835.332849,353.63,30.0,2560.0,1920.0,cmu
a855cacc-0c0f-4ad3-9991-90cbd761637a,358.827088,1174.68,30.0,1920.0,1440.0,bristol
a8597fc0-8477-4210-8c78-a52276b125a1,236.543807,1808.53,30.0,1440.0,1080.0,iiith
a869bda3-4649-4b34-af9b-a0346f8c71ea,532.916739,1150.06,30.0,1920.0,1440.0,bristol
a869ed3c-901d-4328-99f0-9b446822a412,164.791862,1214.71,30.0,1440.0,1080.0,kaust
a892882a-1bdb-4843-a965-291408dcdf1a,90.509765,450.57,30.0,1440.0,1080.0,kaust
a898a794-b5c9-4e8c-ae7c-06df839b6012,199.440687,443.93,30.0,1920.0,1080.0,unict
a95506d4-a846-42f7-a999-e77d543940c2,843.907387,1887.93,30.0,1920.0,1440.0,cmu
a9995506-7521-4aed-b0dd-dd059a57d236,180.756999,1058.09,30.0,1440.0,1080.0,iiith
a9b6560f-ddfe-4676-b684-c0508635706b,446.564411,1902.83,30.0,1920.0,1080.0,nus
a9bdb70e-fc19-4502-a2ef-c99b309a8094,175.379719,1168.3,30.0,1440.0,1080.0,kaust
a9c13069-d229-4e09-92e8-bd6cf3c3448a,366.030843,2269.67,30.0,1440.0,1080.0,kaust
a9edebc2-cb6f-46ce-83fa-3c8c85d58bf8,7.213386,63.87,30.0,1440.0,1080.0,kaust
aa14c20d-cadf-4393-935f-52175427539d,50.626053,75.1,30.0,2560.0,1920.0,cmu_africa
aa2cbed5-ae1f-44e3-9043-6e90826f387b,65.003838,488.3,30.0,1440.0,1080.0,kaust
aa30794e-fd69-4e30-99a8-5c44dd3ecbf7,348.390169,751.4,30.0,1920.0,1080.0,minnesota
aa37b427-5980-4bf5-be29-87bdb2e60154,157.485337,680.53,30.0,1440.0,1080.0,kaust
aa3aa45a-ab0a-4f3e-9629-ed8e8e68b533,197.611572,344.8,30.0,1440.0,1080.0,unict
aa511570-9be0-42b7-a485-673478ae6f25,426.547133,749.28,30.0,1920.0,1440.0,bristol
aa746a74-9e1b-49c6-9e27-f0c8d2f58642,49.251652,205.23,30.0,1440.0,1080.0,unict
aa7bf4c1-0482-42c0-9d78-088870225045,182.108039,3174.22,30.0,1440.0,1080.0,iiith
aa7e4a70-abda-4ef4-a1e0-5af5bda1e560,130.665429,581.82,30.0,1440.0,1080.0,iiith
aa873f4c-8100-46fb-83ee-036f908bfa0e,789.365917,2582.43,30.0,1920.0,1440.0,bristol
aaa740da-6986-45aa-8445-0280ee36cded,63.408737,498.8,30.0,1440.0,1080.0,kaust
aad332b0-a437-4bd9-9147-f580bb58c3f5,1072.031092,4177.97,30.0,1440.0,1080.0,iiith
ab070b36-def2-4ad7-a760-2a9ce29ce505,249.281456,708.03,30.0,1920.0,1440.0,utokyo
ab22264a-91ce-4c3f-96b0-e6405a46f92f,682.272719,1446.98,30.0,1920.0,1440.0,bristol
ab23f96e-d41f-411f-9923-c6d7ed0c0eb7,86.380002,456.33,30.0,1440.0,1080.0,kaust
ab2bf67b-efc0-4448-8c91-a4cecb29691f,326.662147,708.01,30.0,1920.0,1440.0,utokyo
ab5dc330-1bd2-40f2-87c1-dffd374e19a1,396.08393,1672.37,30.0,1920.0,1440.0,cmu
ab6ef383-ac01-400e-b96f-6032d66b887f,423.796162,1118.62,30.0,1920.0,1440.0,bristol
ab7ed4f7-10ee-4ccb-bb21-4853c9018b1e,407.046908,1320.96,30.0,1920.0,1440.0,bristol
ab875220-cd6c-410d-8fbc-94742e51e775,332.926815,2626.33,30.0,1440.0,1080.0,kaust
ab93e55b-11cb-4332-b247-b3fb2fc67f53,1386.687256,1821.9,30.0,1920.0,1440.0,bristol
ab9c4cd4-632f-43d0-8bdd-1d41ac037f50,309.949144,1197.65,30.0,1440.0,1080.0,iiith
abab0e69-f7e4-40c1-aa58-375798df487a,56.005863,137.15,30.0,1440.0,1080.0,iiith
abbc5555-7816-4288-8d4d-f42b0683fc44,271.18553,924.2,30.0,1440.0,1080.0,kaust
abc7e388-83f7-4bea-8bf2-09211e8c104b,6525.362771,4023.08,30.0,1440.0,1080.0,iiith
ac0c1dbc-2552-49c8-9bc9-f18074a53156,90.7091,765.7,30.0,1440.0,1080.0,unict
ac0fa6ee-ce7c-42e4-951c-cea1259ccec3,299.571145,663.87,30.0,1920.0,1440.0,utokyo
ac175e0d-322e-4de2-8024-cd5e3337af55,381.510141,4385.45,30.0,1440.0,1080.0,unict
ac205f91-8511-4772-b0a3-6c6e1ec0925a,890.969321,458.33,30.0,1440.0,1080.0,unict
ac259c29-f40c-4afb-a4b3-b910dcff46ff,849.940865,2441.37,30.0,1440.0,1080.0,unict
ac4d8dd6-80b9-44e4-8d67-bcd2662bcd7b,31.055079,136.7,30.0,1920.0,1440.0,cmu
ac582760-09b1-4a6e-be08-f19f9bf5dfcb,513.456457,1764.9,30.0,1920.0,1080.0,nus
ac8c7637-09fd-4c9a-b7bb-df08a501922f,93.29026,217.07,30.0,1440.0,1080.0,unict
aca158eb-1f37-4745-ae18-a2fb6777015a,255.503825,607.3,30.0,1920.0,1440.0,utokyo
aca961af-e398-4d30-8188-d1f4403e6563,472.503668,1562.21,30.0,1920.0,1080.0,frl_track_1_public
acc6839e-9d6d-46db-921b-51812834d3b2,125.84754,738.88,30.0,1440.0,1080.0,iiith
ad09372b-2863-4de9-a86c-c46b2f502fe4,932.291861,3325.37,30.0,1440.0,1080.0,unict
ad331cf7-e2bc-4c3a-b987-41bad0521281,95.292954,116.47,30.0,1440.0,1080.0,unict
ad71a786-60a3-4be1-b2fb-fc714e061115,1500.169536,2096.7,30.0,3413.0,1920.0,cmu_africa
ad7777e5-6aa4-42d8-ba65-bbe34b06afe5,659.026629,6368.12,30.0,1440.0,1080.0,iiith
ada73c3a-765f-46de-afb5-d152d058d7e2,15827.822336,17212.2,30.0,1920.0,1080.0,uniandes
adf4d8c5-2c49-4d25-9a20-7dc29bbda0ce,329.060853,1062.03,30.0,1920.0,1440.0,bristol
ae0300cd-994f-4e7d-9d61-78c823c292b6,125.37326,238.12,30.0,1920.0,1440.0,bristol
ae03efc8-6d45-4013-b834-33729283992f,87.185335,516.82,30.0,1440.0,1080.0,iiith
ae09d49f-a81f-46e0-82c5-adc43e1e7082,27.550561,187.29,30.0,1440.0,1080.0,iiith
ae15b414-41c8-478a-94a3-e69a87ebf318,636.840342,2365.33,30.0,1920.0,1440.0,bristol
ae2cd423-6d11-4b18-959c-9e6ad872249f,204.720955,515.93,30.0,1920.0,1080.0,minnesota
ae2d6792-7bdb-43c4-89b2-fc58c4b977d7,112.510967,584.47,30.0,1440.0,1080.0,kaust
ae2d99c2-1720-4354-bc4d-f7bc3e4ee28d,306.599886,817.9,30.0,1920.0,1080.0,minnesota
ae56fbda-009b-485c-9dfa-72ce89e847bf,299.961266,1062.13,30.0,1440.0,1080.0,kaust
ae7b6096-4f00-42af-857d-603c2cbfa940,886.465011,3631.67,30.0,1440.0,1080.0,kaust
ae9cb412-7b93-49ae-bb46-306dc74d5fe3,528.846691,1768.52,30.0,1920.0,1440.0,bristol
aea0b0dd-5aa0-44b9-8740-a5be68062623,33.90981,94.6,30.0,2560.0,1920.0,cmu
aeadb544-fd9f-4bb8-bfbd-fbefd899ec8e,723.857453,1407.41,30.0,1920.0,1440.0,bristol
aeb57aaf-58cb-4402-bd6a-1c44f530c0b8,1493.498837,963.83,30.0,2560.0,1920.0,cmu
af06acee-b948-4950-a653-53d76b03a010,754.344449,1068.53,30.0,1920.0,1080.0,minnesota
af139a46-ce9e-4ff7-bab2-18c7b82f15ea,31.29693,92.47,30.0,1920.0,1080.0,minnesota
af16d9ef-f726-49dc-bf2e-73553dd417fd,1285.459073,3470.17,30.0,1440.0,1080.0,unict
af223e7f-b468-4242-b692-5e1ef96663b9,608.874897,1494.97,30.0,2560.0,1920.0,cmu_africa
af2400f6-f0b6-4014-b43a-7942a1fe1baf,423.085255,1124.09,30.0,1920.0,1440.0,bristol
af2bbd78-1898-4744-aa62-4feea65cc825,8395.147862,2036.03,30.0,1920.0,1440.0,cmu
af4828ab-2ff7-4935-87e0-08881989f178,74.72302,471.6,30.0,1440.0,1080.0,kaust
af73617b-ee77-4255-baf3-514508c62353,4334.670322,1063.2,30.0,1920.0,1440.0,cmu
af862b37-12f1-4b55-a1ca-1c162c4f98a0,2277.349736,3698.67,30.0,1920.0,1080.0,uniandes
afa9b047-090a-4d29-a51d-4091326dd3a8,30.375388,325.27,30.0,1440.0,1080.0,unict
afbab8ce-797a-4c6e-800b-5acd9bf1653e,1562.465185,3146.71,30.0,1920.0,1440.0,bristol
afe05c48-b6df-4ca2-8f00-8315433a3f58,983.138007,1418.03,30.0,2560.0,1920.0,cmu
afe85823-f95d-4267-91c2-625e2e2e1ea1,728.392603,1357.46,30.0,1440.0,1080.0,iiith
b000e2d4-4bfb-4839-96da-a20e2176ae71,564.474261,1763.66,30.0,1920.0,1080.0,frl_track_1_public
b029658f-073b-4df7-a74d-f72753277ba0,1112.366952,1947.2,30.0,1920.0,1080.0,bristol
b0429a48-6f89-4544-8128-a24fd63d3149,604.619397,4087.43,30.0,1440.0,1080.0,kaust
b062ea19-1128-47fc-9ed2-da1644a62745,190.792127,442.6,30.0,1920.0,1080.0,minnesota
b08cc451-bab8-4ab1-a0a2-102582d9f778,252.425266,566.0,30.0,1920.0,1080.0,minnesota
b0937ec3-7645-4f68-b9cd-549ff7c01819,418.184714,3070.12,30.0,1440.0,1080.0,kaust
b0a55292-f9a0-4af2-8f2a-bd6d7eff2b2e,325.755749,642.99,30.0,1920.0,1440.0,utokyo
b0bef990-651b-42f2-aa99-b11dcde5d678,3705.778579,1731.27,30.0,1920.0,1440.0,bristol
b0c747fb-6126-4d24-8a98-eed8c211834e,377.773523,708.03,30.0,1920.0,1440.0,utokyo
b0f8ab26-96ea-4c96-8371-922fe32a9115,518.470805,1309.47,30.0,1440.0,1080.0,unict
b148c2bd-349a-4c3d-af5c-6791c300bea9,529.8146,1285.3,30.0,1440.0,1080.0,kaust
b14f2469-8df1-4f1a-a397-5374e73d2f46,258.058801,530.09,30.0,1920.0,1440.0,utokyo
b17ff269-ec2d-4ad8-88aa-b00b75921427,125.663994,340.8,30.0,1920.0,1080.0,minnesota
b18345c9-47e7-44a7-9bd1-56c21fb4ef92,347.014776,514.87,30.0,1920.0,1440.0,cmu
b1ac8c7e-6b29-4196-a28b-e4e21b872ede,668.19735,4458.33,30.0,1440.0,1080.0,kaust
b1ed4c5e-d6a1-4e6e-bf70-9a718078ff49,691.168911,1171.2,30.0,2560.0,1920.0,cmu
b2078083-c33f-4c35-9ebf-0ff6ccc05b6c,1213.959523,3208.28,30.0,1920.0,1080.0,frl_track_1_public
b238d1ae-71fb-42b9-96d5-ad9629a4783f,72.07747,146.37,30.0,1920.0,1440.0,cmu
b2525e86-0301-4c1a-9991-155fd49236be,138.7902,365.61,30.0,1920.0,1080.0,unict
b25fa519-f5d9-4355-a8c1-d496c67e33df,404.006928,1187.74,30.0,1920.0,1440.0,bristol
b298804b-875e-4298-8825-032bbed782a6,1381.189936,515.58,30.0,1920.0,1080.0,unict
b29b29d2-8335-4307-b5d7-976fa2b38f28,2916.299273,2009.66,30.0,1920.0,1080.0,unict
b29fc28f-d093-47a3-a9d8-0d1b466c0433,121.740528,289.47,30.0,1920.0,1080.0,unict
b2a1b8ca-99d6-4f26-953f-426e89649e90,825.831237,5544.57,30.0,1440.0,1080.0,iiith
b2bd978d-1c84-4f58-897e-02667fdc156a,138.881002,326.43,30.0,1920.0,1080.0,minnesota
b2f487cb-83b2-4e60-855d-1750938d0f1a,3161.011289,7218.67,30.0,1920.0,1080.0,uniandes
b2f87dfc-7da6-443a-b2f5-8630f9f9560c,432.352679,1762.43,30.0,1920.0,1080.0,nus
b32e179a-99b4-4214-9740-f6d5d4c6f4dc,1807.33507,1295.83,30.0,1920.0,1440.0,bristol
b367b7d2-180e-48c6-b4b3-34e770acbbd4,270.827075,6348.42,30.0,1440.0,1080.0,iiith
b3c6df35-3d0e-4b96-8e1e-16e622c40046,28.12985,67.17,30.0,1920.0,1080.0,minnesota
b3df1e5e-0c7a-4ac5-84b6-41acde78d57d,333.389978,848.5,30.0,1920.0,1080.0,minnesota
b4072935-56a6-4765-bb4d-d5f6bbeb95b9,196.021289,789.57,30.0,1440.0,1080.0,iiith
b42d2576-1410-4993-bc1d-acf45d9d49b3,744.642195,2865.21,30.0,1440.0,1080.0,iiith
b45f4164-7c7d-41fa-b71e-42fced56984c,20.036056,85.97,30.0,1440.0,1080.0,iiith
b4707bc6-3579-4992-93ec-0eff21ba8922,509.59937,2128.27,30.0,1440.0,1080.0,unict
b491e3c2-80b4-441f-908b-814cf80d57e6,1322.892991,2750.51,30.0,1920.0,1440.0,bristol
b493e8e3-4e18-4480-8e63-c21e25bf99f7,13.89245,79.93,30.0,1920.0,1080.0,unict
b4a8cf83-6f0e-40ca-811a-f1e1435d501f,106.3159,239.5,30.0,1440.0,1080.0,unict
b4b1f14d-aa44-4e62-9f76-e9b2149d4639,331.930589,1243.2,30.0,1440.0,1080.0,unict
b4f8496d-dc4a-483c-94e5-b0dabce47fc8,916.781052,1524.1,30.0,1920.0,1440.0,bristol
b505339f-e9da-4ee8-81c8-f2a60063a9d7,1243.31278,4330.5,30.0,1440.0,1080.0,unict
b57a2268-9cac-491d-b737-ad8dc28b15fb,624.001925,2301.13,30.0,1920.0,1080.0,uniandes
b5a74068-ff54-4e33-93e7-207c39287537,797.292133,1800.13,30.0,1920.0,1080.0,minnesota
b5b6d8ba-27ba-472d-a1f9-4c73456249c0,414.734696,1190.1,30.0,1440.0,1080.0,iiith
b5bc3ef1-5563-4e31-b4fc-3ff3d8010221,343.705376,1914.3,30.0,1440.0,1080.0,kaust
b5c16a18-63c4-4d06-87ba-88f0d8101012,347.671657,323.97,30.0,1920.0,1440.0,cmu
b5c3c1e3-7ee7-4b4a-b938-4d008d5aa49b,452.741142,1857.63,30.0,1920.0,1080.0,nus
b5d0eb9a-2064-4dc0-a123-b220b1046995,318.014888,582.73,30.0,1920.0,1080.0,unict
b65f4313-9e42-422e-87fe-b7bdb91cd56c,848.096066,973.33,30.0,1440.0,1080.0,unict
b68e46bf-2cc5-4c6b-895a-1f8c6cad959a,5608.55203,4003.37,30.0,1920.0,1080.0,uniandes
b68f87f0-29be-4516-a34a-dda69dd84a56,466.528979,1008.27,30.0,1920.0,1440.0,bristol
b69e598c-a6e5-4830-bb8d-15b77e0a6154,31.230926,35.67,30.0,1440.0,1080.0,unict
b6ae365a-dd70-42c4-90d6-e0351778d991,219.388392,492.53,30.0,1920.0,1080.0,unict
b6b4f7a1-f3ec-425c-93eb-acc931acb2b5,445.339523,1285.57,30.0,1920.0,1440.0,bristol
b6d64c01-1462-4ebf-9eb5-44585cdd8ac4,5900.333206,10635.5,30.0,1920.0,1080.0,uniandes
b6df0ca5-f453-4eea-b1bf-e30ea0c70bef,146.653793,255.06,30.0,1920.0,1440.0,utokyo
b700aae8-8350-44fe-be4c-cba85514aec0,77.910204,193.13,30.0,1920.0,1440.0,utokyo
b707b510-4ccb-4912-b662-5e2dbdaa6ef2,348.845353,3039.17,30.0,1440.0,1080.0,unict
b71166c2-c723-4f91-89b7-3a484e14079e,546.311548,2304.43,30.0,1920.0,1440.0,cmu
b71e68a4-0de8-46fe-9bbb-d92c7b154a3f,414.034409,2530.4,30.0,1440.0,1080.0,kaust
b739682e-97d3-468c-ab32-eff051aaf9ec,296.091453,1864.63,30.0,1440.0,1080.0,iiith
b7499ed7-3a53-4801-9f0e-15a923d4b89e,8383.332084,4389.23,30.0,1440.0,1080.0,unict
b75b0d84-01fb-4ba4-9d70-f0b601177799,646.610245,1882.77,30.0,1920.0,1440.0,cmu
b75bf090-1439-4b11-862b-d1dadab7f854,16078.899593,3089.17,30.0,2560.0,1920.0,cmu
b7682631-4cb0-4a23-81bf-597a91c90591,23.653511,122.82,30.0,1440.0,1080.0,iiith
b77b7f7a-af37-4965-acb5-309495037a97,143.628672,2088.7,30.0,1440.0,1080.0,kaust
b79a27cf-4e81-4ae1-8cf8-029711cb1bb7,910.320523,1483.23,30.0,1920.0,1440.0,bristol
b7a276c8-6763-45f2-9566-5b3801db70d7,922.221491,1800.13,30.0,1920.0,1080.0,minnesota
b828d52b-41d0-48d9-bd9e-8a7540236c3c,116.883883,441.43,30.0,1920.0,1080.0,minnesota
b83285c5-0b88-4ced-a52e-5c34ea371507,441.67507,1952.25,30.0,1440.0,1080.0,iiith
b84ffbdc-8a58-458e-bbdf-7bda33496fd8,1575.477351,1949.95,30.0,1440.0,1080.0,kaust
b8592091-2f2c-4c37-a931-3c84e3eff3c7,1093.608948,2985.21,30.0,1440.0,1080.0,iiith
b8714daa-3849-4161-93fb-4958cbb97652,104.250431,344.56,30.0,1440.0,1080.0,iiith
b8952ddf-dd75-4d30-99f2-4e93a286abda,1761.154681,3278.5,30.0,1920.0,1440.0,bristol
b8a05c14-76a8-4112-8a25-f16d260e347a,995.156792,487.5,30.0,1440.0,1080.0,unict
b8b4fc74-e036-4731-ae03-4bfab7fd47b9,183.18678,248.43,30.0,1920.0,1080.0,minnesota
b8db14e1-9398-4ec6-862c-e30c8399517c,395.088777,2407.59,30.0,1440.0,1080.0,iiith
b9224863-0bac-4485-a7c0-2589477602b6,345.432503,626.5,30.0,1920.0,1080.0,minnesota
b936190d-3df3-4ae8-afe2-ce71ab695aae,205.369349,1007.76,30.0,1440.0,1080.0,iiith
b940de2b-5fa2-4f37-badc-a42a39919a65,2743.457718,905.72,30.0,1920.0,1440.0,bristol
b94a8b8e-6645-4732-aed7-61fe0f9c1b28,181.070986,1055.13,30.0,1440.0,1080.0,unict
b9616c31-3b51-4fea-9113-c0d5d7894beb,22.518431,55.97,30.0,1440.0,1080.0,unict
b97bcf48-6a53-4579-8345-2f3bc3d2d5ab,26.064987,96.36,30.0,1440.0,1080.0,iiith
b999ac9b-d285-4f44-944a-a0795969ac51,742.715545,5896.37,30.0,1440.0,1080.0,iiith
b99ceea4-7fa3-407c-9b9f-1347645d23f2,841.065348,3042.86,30.0,1920.0,1080.0,frl_track_1_public
b9c91169-7019-4bfa-8a63-97df8cbefe97,1439.374862,2296.17,30.0,1920.0,1440.0,bristol
b9de7a2c-d02e-4d66-9556-381f0b7ca51a,4734.215512,13066.9,30.0,1920.0,1080.0,uniandes
b9eed644-56a9-4a0b-b1a3-5cc0d6688297,507.693066,1548.68,30.0,1920.0,1440.0,bristol
ba11fcda-0048-4440-a7e8-fd15d1661a27,35.882358,227.33,30.0,1440.0,1080.0,unict
ba23930c-cef7-4f3e-b5bb-8f0a4ae5b1e4,1484.117724,3090.15,30.0,1920.0,1440.0,bristol
ba2402fb-fe9a-40ea-bd0c-1eb5e5f747d5,653.127528,1646.3,30.0,1920.0,1080.0,minnesota
ba57f3f4-a45f-4fe5-b972-fbc4720d1195,686.914427,1150.43,30.0,1920.0,1440.0,bristol
ba7cea1f-3141-40f1-85cd-570d241107a3,7.642057,51.63,30.0,1440.0,1080.0,unict
ba87e7da-c120-4ee4-b5f3-f2987e7ad304,94.673403,214.13,30.0,1920.0,1080.0,minnesota
bac30fe6-c597-4f1a-add1-d8d989205d98,566.721284,1253.5,30.0,1920.0,1080.0,minnesota
bade8896-d9f2-457c-adb9-d3b435bb701d,695.490275,706.33,30.0,1920.0,1080.0,minnesota
bae603bd-dc3d-46a4-90b7-9c1e2bcd3970,350.057785,2585.68,30.0,1440.0,1080.0,kaust
bb03ea40-924a-450f-8521-9773c017395a,157.943404,432.17,30.0,1920.0,1440.0,bristol
bb04b03d-ae0d-416a-8c4c-b2325edec070,99.827509,546.86,30.0,1440.0,1080.0,iiith
bb16e081-d56d-40c0-a000-6d59ddb4498d,73.098778,710.46,30.0,1440.0,1080.0,iiith
bb2297d3-91b7-4ec4-b39b-cc64694929db,438.875659,856.4,30.0,1920.0,1080.0,minnesota
bb27951a-7459-4d36-974e-e432c7de069b,10651.777442,3963.98,30.0,1920.0,1080.0,iiith
bb3b126d-b4bd-4a9e-a6a6-9201f5bb00db,135.739337,75.7,30.0,1440.0,1080.0,unict
bb4a305f-c76c-420a-9acf-a020c535e742,426.203406,2520.8,30.0,1440.0,1080.0,kaust
bbb1bf06-41f6-46e5-a051-3e75e724b2d7,1375.950644,15598.2,30.0,1440.0,1080.0,iiith
bbc7640a-6dd8-4522-9ff9-fca37be6fd64,193.926138,2116.16,30.0,1440.0,1080.0,iiith
bbcf6b2b-0885-4c8b-a779-6aefdc108475,86.73721,761.24,30.0,1440.0,1080.0,iiith
bbd7f65a-71a8-4cd1-b685-7dbb4a5e5520,93.022466,92.2,30.0,1440.0,1080.0,kaust
bbe7b4ee-0e62-4fb5-877e-d4c76a0c8247,22.50997,124.52,30.0,1440.0,1080.0,iiith
bbf7c139-2b53-44fd-a329-3a1a5d9291ad,1766.038768,2116.16,30.0,1440.0,1080.0,iiith
bc068c21-da8a-4632-b441-6112c7f47667,732.175909,1675.97,30.0,1920.0,1080.0,minnesota
bc07c7cb-4747-47ce-89d9-4c135345ff96,66.718663,989.33,30.0,1440.0,1080.0,iiith
bc137e83-b0ca-4c69-92ca-c540423e9417,3009.030621,2178.2,30.0,1920.0,1440.0,bristol
bc215572-bd4c-4457-bbc1-58cdd6398cc7,2692.790347,3949.17,30.0,1440.0,1080.0,kaust
bc31a74e-0c1f-499b-af02-80dad77ed163,446.495899,1544.33,30.0,1440.0,1080.0,kaust
bc403631-a42c-4fa1-9e81-b330515f0a0d,535.402145,1577.88,30.0,1920.0,1080.0,frl_track_1_public
bc6bf18b-0ef8-4cb9-aa51-d5d3558916e5,217.822552,945.56,30.0,1440.0,1080.0,iiith
bc7fb44c-ee02-4089-9d8d-4f13f722e8ac,161.517652,1839.0,30.0,1920.0,1080.0,nus
bcac27c1-246b-4e30-9231-33281f02b2fa,54.485399,442.84,30.0,1440.0,1080.0,iiith
bcb6ca41-64ea-4c2b-90c7-1e523a5a324e,279.609979,1745.9,30.0,1440.0,1080.0,unict
bcdf2c7a-fdf3-40a4-836c-c4d2bcef274b,47.832808,110.61,30.0,1920.0,1080.0,unict
bcfd04cb-a544-42dc-bf53-71190f23e681,368.647682,1355.36,30.0,1440.0,1080.0,iiith
bd0d69c1-a6e5-4e02-9835-9b9cfcc0c2f6,94.342183,2643.83,30.0,1440.0,1080.0,iiith
bd1d22e0-2898-424f-8ec8-d47cab2e9fcb,217.898103,550.1,30.0,1920.0,1440.0,bristol
bd31c2eb-4faa-467d-8c71-89a55b0a4be5,491.486627,3566.88,30.0,1440.0,1080.0,iiith
bd3a319e-0573-4802-a6d1-6d89910098e8,834.071474,1447.57,30.0,1920.0,1080.0,minnesota
bd716d32-2fad-46b3-a93a-f5b4b618deb4,603.118929,1800.0,30.0,1920.0,1080.0,minnesota
bd72b749-f5dd-402c-bfb6-95334ac34aa7,132.794804,596.48,30.0,1920.0,1080.0,unict
bd8fd228-ec64-4515-b7ab-af261c0a5807,92.069403,393.4,30.0,1920.0,1440.0,bristol
bd970f5b-3fd9-4ae9-9f2b-738e8ca54c1e,767.695061,1595.7,30.0,1920.0,1440.0,bristol
bda3cdb5-32ef-433f-bc6a-e77617447d30,428.110662,1259.36,30.0,1920.0,1440.0,bristol
bda979cb-dc62-4daf-a87f-8295667c173c,788.222721,1805.47,30.0,1920.0,1080.0,nus
bdb9673c-8585-4d1c-9459-fbe4b56c2149,111.527667,434.56,30.0,1440.0,1080.0,iiith
bdbeaad4-212d-4c45-8a32-e6c5f852f0ee,770.82135,1235.17,30.0,1920.0,1440.0,bristol
bdf00ef0-4616-40ab-ab2e-4437cb93f39e,71.774799,566.33,30.0,1440.0,1080.0,kaust
be3c4d6b-4d55-493c-9f5a-d93a168b6b0b,496.492159,1776.64,30.0,1920.0,1080.0,bristol
be462bcf-13ad-446a-8dfb-248cb2e3417a,651.771208,1800.27,30.0,1920.0,1080.0,minnesota
be8889c4-114f-4cb2-9e2c-fef576dbb00d,1276.704588,2616.64,30.0,1920.0,1440.0,bristol
bea8cf53-5c59-4169-a161-b58aedb9f12a,577.981264,4846.5,30.0,1440.0,1080.0,kaust
bedaa131-deae-4279-9fd4-5b6ab552644c,428.483602,1142.33,30.0,1440.0,1080.0,unict
beddfafb-b749-40a6-ac7e-fda120521274,72.610959,154.2,30.0,2560.0,1920.0,cmu
bef14b04-44c1-49f2-8cdb-be497e0f94e9,78.184907,531.6,30.0,1440.0,1080.0,kaust
bef1d436-14c4-4ed6-b5c7-6d8a9282e996,3734.649135,1995.8,30.0,2560.0,1920.0,cmu
bf1957be-e4f0-46a7-927c-15b54f0045e5,37.271016,141.95,30.0,1440.0,1080.0,iiith
bf198d9c-8e12-4426-9d42-7017cf4a5aeb,200.11066,889.75,30.0,1440.0,1080.0,iiith
bf23976b-9daf-4de3-bc9e-a0c4d19bb93c,180.221637,85.3,30.0,1440.0,1080.0,unict
bf359c9d-cd8e-43b2-9df7-7bc6f6715cda,210.424092,1690.98,30.0,1440.0,1080.0,iiith
bf4950a0-7e64-4012-88d1-90160a2637d1,535.983132,1012.57,30.0,1440.0,1080.0,iiith
bf6e4f01-7891-42fe-9b52-1b5033379b44,414.516891,1063.03,30.0,1920.0,1440.0,bristol
bf843ad3-fad5-4bc5-b74c-0ee9dafe9c40,281.894266,1049.48,30.0,1920.0,1440.0,bristol
bfb7e498-da51-4fc7-8ccf-7628cb350681,1245.3101,531.07,30.0,1440.0,1080.0,cmu
bfcb5731-1f8d-4cfd-9e5a-51879d40db65,212.118402,579.01,30.0,1920.0,1080.0,minnesota
c0028015-e421-470b-9373-9611b33ac3f8,22.075433,42.9,30.0,1440.0,1080.0,unict
c003438a-eba5-430e-9f54-95a4d568e511,1702.222027,6348.42,30.0,1440.0,1080.0,iiith
c0048675-8810-46dc-af51-bca6471b68b1,154.28612,1616.67,30.0,1440.0,1080.0,kaust
c00a27da-98bb-4761-8093-45fd30a3f43f,1703.433345,1594.07,30.0,1440.0,1080.0,iiith
c00d3596-99db-4ea7-9a65-57ab4319d640,1601.579409,3315.64,30.0,1440.0,1080.0,iiith
c019e4c6-45f5-4e01-9e4f-6ec4712850ce,443.517965,1122.25,30.0,1920.0,1440.0,bristol
c037be7a-e56b-4053-a48b-c593bf069ef4,213.382226,592.53,30.0,1440.0,1080.0,unict
c044c28d-3968-4d7a-9680-ca4280322d05,49.013526,557.57,30.0,1440.0,1080.0,kaust
c058dd9b-c4f5-4f0e-b08e-3b62ecdd1695,626.936242,973.07,30.0,2560.0,1920.0,cmu
c091c167-003d-46ac-bf3a-265e88bbeec0,567.106372,3721.2,30.0,1440.0,1080.0,kaust
c0954f28-0d5d-4f41-a06c-f9f1fe7fce80,102.742344,1644.77,30.0,1440.0,1080.0,kaust
c0b5fd60-732b-4f5b-977b-6452a589974d,658.449335,2175.13,30.0,1920.0,1080.0,frl_track_1_public
c0ca834d-5e1b-4150-97b0-7a8170f0094c,60.52078,96.7,30.0,1440.0,1080.0,unict
c0e4d88e-af36-46bc-8243-025f3d56324e,246.607604,616.63,30.0,1920.0,1080.0,minnesota
c0f3d0e4-9f20-4174-bb58-cb377df92255,152.976748,1789.11,30.0,1440.0,1080.0,iiith
c0f702e1-d2e3-4277-8981-7177d106174a,678.156381,2771.62,30.0,1440.0,1080.0,iiith
c0f70e5c-e201-4b16-b665-85418f816f17,108.608459,895.23,30.0,1440.0,1080.0,kaust
c115ba6e-cc76-4d8c-b28e-b659a558fc43,218.079935,726.13,30.0,1440.0,1080.0,unict
c1344588-b8e2-409f-8c84-2d27a0fe7934,527.19332,1586.8,30.0,1920.0,1080.0,minnesota
c1382500-1379-4f71-a14e-2cbf443611f0,310.142536,1895.63,30.0,1440.0,1080.0,iiith
c13c132e-97df-4969-b525-9cca74ad218e,498.825521,3174.22,30.0,1440.0,1080.0,iiith
c13c8d8c-917c-4071-9fe4-f7f166f3e6b2,22.899662,134.66,30.0,1440.0,1080.0,iiith
c175b751-9108-4d84-91f3-0830c6615c18,1366.162287,5290.36,30.0,1440.0,1080.0,iiith
c1853317-ec37-4db0-81fd-f15f3502e643,5894.939963,2190.57,30.0,2560.0,1920.0,cmu
c18e65fe-edc0-4350-98f5-f292a7a67e47,83.288508,618.77,30.0,1440.0,1080.0,unict
c19c69ba-ac3a-4ba9-82ea-d09e77876f7e,1618.795361,5860.42,30.0,1440.0,1080.0,iiith
c1aecf85-ca86-4f96-b40e-65717559aa11,1318.479239,356.63,30.0,1920.0,1440.0,cmu
c1b6e7d2-c10c-476e-8335-990d3dd695a5,487.223915,2334.4,30.0,1440.0,1080.0,unict
c1b75b09-d3e8-4de4-996f-6c49d0efcd10,157.84296,3087.23,30.0,1440.0,1080.0,iiith
c1d8c3ca-f127-4dee-95f5-41280edde54e,9.247116,101.33,30.0,1440.0,1080.0,unict
c1e6482e-2457-4f99-a25d-21701bed69ec,5154.893843,2182.87,30.0,2560.0,1920.0,cmu
c25111f0-0c78-4bf8-a16d-57a6c25c2169,5444.823402,12996.8,30.0,1920.0,1080.0,uniandes
c25cf5e2-8201-40bf-8aa5-7099d4b956f2,1197.671825,1906.13,30.0,1440.0,1080.0,unict
c26cda75-ed47-4f46-9076-25cf75bf9f1d,177.331462,25417.6,30.0,1440.0,1080.0,iiith
c2a3d4ac-8d13-4daa-a9a9-a867999e956f,563.706608,1800.6,30.0,1440.0,1080.0,unict
c2aecde5-ea0c-4343-83c1-355b050e6ffe,17.197536,44.6,30.0,1920.0,1080.0,minnesota
c2b3e7ea-fbeb-4491-b5bc-d0dd723496f7,1162.67025,2419.98,30.0,1920.0,1440.0,bristol
c2d06df7-5d3a-4116-9edb-f1c81a4f669b,1015.60229,5052.91,30.0,1440.0,1080.0,unict
c2e6d807-d903-4b64-98e1-2c07ca700c78,300.506627,2092.8,30.0,1440.0,1080.0,unict
c2fa0704-bdc2-4edf-9c6d-e8ab2160f1b6,547.918538,1968.54,30.0,1920.0,1440.0,bristol
c304122d-0f0a-4c6a-a5b4-63f8b7aed69c,9.69981,61.2,30.0,1440.0,1080.0,kaust
c3065f43-abc1-4868-84fd-3f937010fd17,3014.053384,7219.18,30.0,1920.0,1080.0,iiith
c3361017-8999-4dfb-88cd-90f1f13d58b2,159.023533,377.1,30.0,1440.0,1080.0,unict
c3475eb7-c0e3-4710-bc55-755f64001917,80.433992,109.38,30.0,1920.0,1440.0,utokyo
c34effc7-6198-4c85-80c7-c8be85b77dd3,2038.185193,6739.17,30.0,1920.0,1080.0,uniandes
c393dda0-c58a-4f1b-8498-d22793e84af6,3096.762946,2032.97,30.0,1920.0,1440.0,bristol
c396d137-e956-4a7f-ab2e-5a0b29c51afa,1422.11694,1916.17,30.0,1440.0,1080.0,unict
c3b19085-f7eb-4217-8eec-b8cc056f92a1,141.163657,670.63,30.0,1440.0,1080.0,unict
c3f5972e-9919-496c-a01a-75ffa5c7bcff,28.521894,238.13,30.0,1440.0,1080.0,unict
c41806a7-231e-494f-8e0b-f72587269f79,881.292822,3116.16,30.0,1440.0,1080.0,kaust
c424ecf4-c654-4770-8af6-de97adb8241f,618.02787,3192.4,30.0,1440.0,1080.0,kaust
c431062e-857c-4e9f-ad5c-94f925acc822,222.598769,1077.22,30.0,1440.0,1080.0,kaust
c4333895-ed19-42fe-9323-271a41bdfe4c,576.245217,1743.1,30.0,1440.0,1080.0,kaust
c44fda32-f8e3-4d51-98c0-9f2d775c8b56,48.661923,258.1,30.0,1440.0,1080.0,unict
c48a70f7-44a3-44aa-ac14-baf35e696e5c,2432.845258,1398.23,30.0,1920.0,1440.0,bristol
c49ec223-bd82-4b3c-b54d-c597dcdef652,564.733158,708.03,30.0,1920.0,1440.0,utokyo
c4d30882-e057-4028-aaff-d8676ae50699,712.592586,2116.16,30.0,1440.0,1080.0,iiith
c4f06549-15b5-49b8-b2d7-bf2a1c26edaa,79.604967,411.5,30.0,1440.0,1080.0,unict
c5080126-7c4e-42f8-a398-9d5d57130262,507.324567,1236.45,30.0,1920.0,1080.0,frl_track_1_public
c50c5e7d-48d4-4a54-a64b-225abd3322b9,141.128997,578.03,30.0,1920.0,1440.0,cmu
c53d79b9-097a-45e6-9603-22f1a63fece8,236.813987,531.07,30.0,1440.0,1080.0,unict
c546c508-8352-4c5c-8770-e8f30fb4562a,95.412025,301.27,30.0,1920.0,1440.0,bristol
c54ec24d-abe9-40ab-902b-30f347c2a780,40.738868,277.13,30.0,1440.0,1080.0,kaust
c5938442-90c1-413c-be06-186222d8274f,483.512013,1168.93,30.0,1920.0,1440.0,bristol
c5a22c25-2649-4441-8bb0-777af79d544e,214.704332,507.97,30.0,1920.0,1080.0,minnesota
c5c0dc6e-f414-490c-b9ec-1d36852e95d1,283.051878,730.6,30.0,1440.0,1080.0,unict
c5d993fb-057e-4389-a67d-5df9f4034543,36.930594,358.79,30.0,1440.0,1080.0,iiith
c615d305-14fe-41cd-9099-caf420beb604,379.508389,1765.3,30.0,1920.0,1080.0,nus
c645ddf0-1efc-4c0a-bf58-889ea519b254,395.795498,3898.2,30.0,1440.0,1080.0,kaust
c6462f5c-2cff-4373-ba52-03e363c9d7d9,13947.141658,2699.37,30.0,2560.0,1920.0,cmu
c6534c1f-765e-42e7-86f4-da210d5211c3,578.724419,1769.43,30.0,1440.0,1080.0,kaust
c67a0dc9-0701-40be-ad01-2b0a5464fb73,52.72324,120.5,30.0,1440.0,1080.0,iiith
c69b6f81-4b03-44d5-a501-511cd4c6a615,2326.315362,2116.16,30.0,1440.0,1080.0,iiith
c6a42d6b-5fb0-4829-92e0-40ed1bef6f8a,96.475123,186.07,30.0,1920.0,1440.0,cmu
c6c0171a-50b6-4541-b7d8-daee89bef013,158.25353,627.47,30.0,1440.0,1080.0,unict
c6da6ceb-5f40-436b-8c83-76458f46b3fb,226.175314,803.2,30.0,1440.0,1080.0,unict
c6dc5f11-8fe0-46cf-a5d0-0a12fb84215e,136.677905,2472.72,30.0,1440.0,1080.0,iiith
c6e14005-854e-462f-a5a0-2474b759b1cc,271.995627,411.8,30.0,1440.0,1080.0,kaust
c707920d-846e-4dc2-9f16-71705507669f,1248.699631,2624.67,30.0,1920.0,1080.0,minnesota
c70d130e-4696-41a0-b727-c1b71808038a,430.329691,1292.51,30.0,1920.0,1440.0,bristol
c7272785-8498-45e9-8b01-5965d0e2f127,727.981728,5082.48,30.0,1440.0,1080.0,iiith
c7344db5-fc90-42b9-9dad-346dd3c5e4f0,341.120457,2083.92,30.0,1440.0,1080.0,kaust
c7525cb9-96c6-4714-9d05-9163d3d82109,25.068522,80.47,30.0,1920.0,1440.0,cmu
c75ff6d3-b909-46bf-82ce-da0c1ba0333c,199.951303,1058.09,30.0,1440.0,1080.0,iiith
c7715af7-8687-41b7-94ec-51e526450637,48.063196,236.03,30.0,1920.0,1080.0,unict
c799c3ab-9e07-427c-94f9-0d9d295153b8,476.809115,1157.73,30.0,1920.0,1080.0,minnesota
c79e05d5-eaf6-4323-a707-744020743037,452.412446,2561.6,30.0,1440.0,1080.0,iiith
c7a446bc-e16e-4e59-a027-e8449a01251a,117.867144,531.07,30.0,1440.0,1080.0,unict
c7b23a8c-1e33-476c-90e5-29861797159e,9193.920063,2528.63,30.0,1920.0,1440.0,cmu
c7b2d096-4981-42bf-b85b-a437e52252ca,4.754634,97.33,30.0,1440.0,1080.0,unict
c7b79307-12d5-4502-8a97-0d272d48853c,28.924638,35.43,30.0,2560.0,1920.0,cmu
c7d31de3-e2fc-4542-a318-7719a6922bb4,296.750152,2315.47,30.0,1440.0,1080.0,unict
c7d5d40f-840c-4be0-b79d-ab41394479a2,183.41443,1143.93,30.0,1440.0,1080.0,unict
c7d5f591-9861-44ac-a30d-3f996f3141f9,171.995931,242.3,30.0,1920.0,1440.0,cmu
c7e49f16-df6f-456d-9b3b-c04354f26add,468.137347,2126.4,30.0,1440.0,1080.0,kaust
c7e8af35-608f-4d18-b752-2f3140f5fcc4,847.822449,2452.7,30.0,1440.0,1080.0,kaust
c80584bf-4405-45e8-9e8b-4818b15b0ca1,91.45113,680.13,30.0,1440.0,1080.0,unict
c82d38c0-e570-4e50-9bde-1f1c3c5a0ad8,572.151925,1385.86,30.0,1920.0,1440.0,bristol
c833a9f6-c59e-4f4e-816f-77f1a32c6c05,278.918877,1410.88,30.0,1440.0,1080.0,iiith
c850f043-d449-4976-b483-aa49c15e3554,50.653012,63.73,30.0,2560.0,1920.0,cmu_africa
c85a2212-db93-4258-af1f-ba25d558d066,27.085715,474.61,30.0,1440.0,1080.0,iiith
c864505c-9d49-4da4-bf7e-254b4c348c03,1027.635328,1959.11,30.0,1920.0,1080.0,nus
c87e11bc-9038-4fd2-9ec1-f86998634e2e,184.00385,1583.4,30.0,1440.0,1080.0,kaust
c88e94a6-5b9a-49a0-9c8a-1fde00d1f97f,253.051862,708.03,30.0,1920.0,1440.0,utokyo
c89a1660-d243-4376-b4bc-970851a122fc,78.083533,303.64,30.0,1920.0,1440.0,utokyo
c8bac5e2-1c20-4fb6-9024-0659516b6772,496.742123,2257.32,30.0,1440.0,1080.0,iiith
c8e1a3d0-517b-4553-9621-e14776992fde,3081.901661,2460.58,30.0,1920.0,1080.0,unict
c8f8ebf1-5613-4f4a-802c-ada5e4c4b651,154.77483,531.63,30.0,1440.0,1080.0,kaust
c8fe119c-f43e-4bba-9370-4ab69205ccdb,416.036836,3308.2,30.0,1440.0,1080.0,kaust
c90bbb3a-88a1-48d0-902e-84041df6ca23,518.213235,3896.2,30.0,1440.0,1080.0,unict
c91d9d69-c0f0-4785-a40d-27ee44fa5f6e,318.378777,1863.77,30.0,1920.0,1440.0,bristol
c924da0b-c38e-4b68-a0d2-c16cf9207a40,691.406574,1251.77,30.0,2560.0,1440.0,cmu
c939aae4-e7c8-453c-8671-40573db0c656,703.591841,3174.22,30.0,1440.0,1080.0,iiith
c9430849-8afd-4ff9-bae2-fb4a3dc94356,466.121958,923.8,30.0,1920.0,1440.0,bristol
c957ff4a-780f-4219-a32f-cd8db7fed87b,238.571912,1127.23,30.0,1440.0,1080.0,unict
c976bf0b-e005-40b6-8482-6c1431797edc,343.40555,5290.36,30.0,1440.0,1080.0,iiith
c97d0f65-e295-48ee-a5b8-00e3ee989916,202.424652,864.1,30.0,1440.0,1080.0,unict
c98a5a59-ff86-44fd-a091-9a6c54778a99,6.456458,66.37,30.0,1440.0,1080.0,kaust
c9932108-4869-4de7-999c-a5b6291b1d6c,345.35764,1537.47,30.0,1440.0,1080.0,unict
c9a135a3-233e-4e76-9793-0fca387345e4,332.045574,1595.2,30.0,1440.0,1080.0,kaust
c9b40d8d-7cb5-4ce7-9e30-8d36adb94a4f,33.307136,72.9,30.0,1440.0,1080.0,unict
c9c44dea-c37b-461d-aa14-20e934126df5,878.237696,4721.59,30.0,1440.0,1080.0,iiith
c9e6c8c6-6192-4c6b-a430-e5a867f69bd9,444.525829,811.97,30.0,1920.0,1080.0,minnesota
ca1773b8-ec8e-4f61-8e8f-7e4211830793,457.656547,1765.29,30.0,1920.0,1080.0,nus
ca33711a-5c59-435a-bacf-5857e7106559,1054.303149,1662.47,30.0,1440.0,1080.0,kaust
ca420a87-f940-4bbf-89da-c0d606acda08,14.883957,205.1,30.0,1440.0,1080.0,kaust
ca6c320b-b8cc-48b9-bee6-82f22ca90dcd,1749.589245,531.6,30.0,1920.0,1440.0,cmu
ca904341-e8f2-4d13-953f-fd7c8e276973,378.288958,1025.2,30.0,1440.0,1080.0,unict
caa582d2-0b56-4a75-893e-a3b727a448d0,550.114849,1790.97,30.0,1920.0,1440.0,bristol
caaee1c0-27ea-4201-b071-4d74e5c48223,531.832975,397.63,30.0,2560.0,1920.0,cmu
cad25340-62e3-49ad-9709-15c9e413d155,258.876458,554.67,30.0,1920.0,1080.0,minnesota
cae284a9-0794-4dc0-879a-3126d51a71b6,156.900313,678.3,30.0,1440.0,1080.0,unict
cb235c78-e524-417a-89fd-57b682bb223b,773.885267,2003.31,30.0,1920.0,1440.0,bristol
cb768fa7-3090-4d9c-b054-90f33ad8ace6,34.312004,61.93,30.0,1920.0,1080.0,minnesota
cb83eaff-62e9-4aff-bcdc-e3d747103020,136.671836,332.57,30.0,1920.0,1080.0,unict
cb8c7491-7751-49a6-9fca-257c38e971d1,786.58296,761.57,30.0,1440.0,1080.0,unict
cb8df5e7-af5c-4211-b779-0568f94c7ded,548.539394,3455.01,30.0,1440.0,1080.0,iiith
cb987dd4-f0ec-46ed-8bf0-3fee8c84fc90,1558.623043,3093.23,30.0,1920.0,1080.0,uniandes
cb9fa354-d780-4c8e-b3e5-d99e4754b9f4,4.67574,20.67,30.0,1440.0,1080.0,unict
cb9feccb-c0f7-42e7-a8f0-99d4f0450944,75.396745,652.73,30.0,1440.0,1080.0,kaust
cba13243-5ad3-4360-87df-6286867c473a,856.296595,5316.54,30.0,1440.0,1080.0,iiith
cbb644c5-aa49-479d-97ce-cfe515bf01ea,250.080631,2006.89,30.0,1440.0,1080.0,kaust
cbd93800-ab01-47f9-9b4c-9201b8cd167e,402.209574,2640.22,30.0,1440.0,1080.0,iiith
cbfeb6c8-ec1f-4884-bcbf-14d7764c4a36,461.492621,3600.63,30.0,1440.0,1080.0,iiith
cc3d4fcf-ef86-4796-9a89-5c49b3b32cd2,610.40261,1298.07,30.0,1920.0,1440.0,bristol
cc558ec2-1596-42c1-a59e-175daf8080cc,41.030589,55.77,30.0,2560.0,1920.0,cmu
cc575a16-64fd-4cda-9248-5d85f506fdfd,198.969615,2073.85,30.0,1440.0,1080.0,iiith
cc5ce8e7-4c6c-4ac9-bf25-e8b716a672c0,207.681379,612.18,30.0,1920.0,1440.0,bristol
cc63043d-d144-40e5-8eb8-b56f432ab37d,4640.155343,10634.7,30.0,1920.0,1080.0,uniandes
cc81ee49-a724-4adb-8834-87d411e0fea3,212.501459,1604.37,30.0,1440.0,1080.0,unict
cc90b6d6-a283-45f2-9ce1-3639acd6f74c,631.606269,2639.7,30.0,1920.0,1440.0,cmu
ccbc0c8d-f31e-46ca-af7b-872c35550457,262.871794,1477.37,30.0,1440.0,1080.0,kaust
ccc05b6c-1c3d-4748-9ba4-9d87efc42fe3,282.78792,1415.43,30.0,1440.0,1080.0,kaust
cccf180e-39b6-4c24-a1ad-b36410b768e5,85.94812,626.09,30.0,1440.0,1080.0,iiith
cce95cd8-188e-4d6b-996f-07f58fc9d117,153.912063,380.93,30.0,1440.0,1080.0,unict
cd12acc4-1952-459b-9cb1-0677cc92005a,517.704975,3310.39,30.0,1440.0,1080.0,iiith
cd1c518b-9020-4ac6-aae4-85c4370f825e,25.438819,227.23,30.0,1440.0,1080.0,kaust
cd1d3c56-69ca-4602-944e-bb9fabb9710b,381.743437,2074.13,30.0,1920.0,1080.0,nus
cd435f5e-95c4-440c-88c7-c65c19f94c4e,194.204312,430.83,30.0,1920.0,1440.0,bristol
cd4a46ba-548f-41bc-910b-4b0bc7fe5d9f,441.212745,926.0,30.0,1440.0,1080.0,unict
cd782861-d8d9-4eae-b642-bb4521b19e3d,47.958595,174.6,30.0,1440.0,1080.0,unict
cd8282c8-528e-4da8-97d2-2987ca818ff0,343.907964,716.47,30.0,1440.0,1080.0,unict
cda837dd-1632-45f8-88f7-cfbf7875523b,109.318326,1042.6,30.0,1440.0,1080.0,unict
cddbe0c1-8b82-4cc8-bd9f-152081bc51fc,520.196868,1800.23,30.0,1920.0,1080.0,minnesota
cde41c4f-50d1-4910-9f2a-4c7b6987df92,1274.021616,3534.75,30.0,1920.0,1440.0,bristol
ce19b572-7341-426a-8c2f-fe067344c98d,1189.015486,2564.93,30.0,1440.0,1080.0,kaust
ce2cf2f6-24aa-4195-93a6-f82b283815e6,1581.342344,1344.13,30.0,1440.0,1080.0,unict
ce85a66a-6417-430c-a300-d69ee4528913,482.317499,673.52,30.0,1440.0,1080.0,iiith
ce90119f-0fb4-486b-b785-588e8f2bcb2d,86.034513,270.12,30.0,1440.0,1080.0,iiith
cedde923-9c47-49a0-8e57-7e0d96cd97de,26.747099,89.5,30.0,2560.0,1920.0,cmu_africa
cee444e9-6c62-4e35-a322-05b45f418718,751.528069,1800.17,30.0,1920.0,1080.0,minnesota
ceea3a90-8339-4512-8ae2-0da5f1ee6bff,39.466619,209.87,30.0,1440.0,1080.0,kaust
ceeb75e8-ee95-4a5f-8ec0-e2a6fcb4d080,238.799894,910.23,30.0,1440.0,1080.0,unict
ceffa737-cc8b-410e-922b-9b20df52d974,35.771744,187.4,30.0,1440.0,1080.0,kaust
cf8345a5-30e1-44f9-8751-bd99836b5b1f,109.261937,235.56,30.0,1920.0,1440.0,utokyo
cf90f24b-32de-452a-b154-03ca5e47099a,63.513741,581.2,30.0,1440.0,1080.0,kaust
cf9103c8-f2f9-4a6d-bfe2-5086b2ea8f92,1104.110032,2144.68,30.0,1920.0,1440.0,bristol
cf95d6a4-6ad7-462c-9700-9f04bd993667,316.483822,519.08,30.0,1920.0,1440.0,utokyo
cf9b2219-bdea-4a91-a56d-02c028547400,548.009691,424.1,30.0,2560.0,1920.0,cmu
cfa595aa-c467-48fe-a86b-2e9b1a63ccab,601.03361,2829.41,30.0,1440.0,1080.0,iiith
cfc42371-cd58-48df-8bc5-f2fb29a6091e,2010.933466,1800.13,30.0,1920.0,1080.0,minnesota
cfd48b88-c207-4016-9518-b582ddeaddd9,21.695854,101.4,30.0,1440.0,1080.0,iiith
d02bd0da-e84e-40b8-81d7-47106f1911ae,319.657512,671.53,30.0,1440.0,1080.0,unict
d0b0a1c5-d1a5-4cdb-8f15-c12d3c57cc24,49.418349,528.13,30.0,1440.0,1080.0,kaust
d0b57a7c-08d4-4c0e-80f0-836979dd965d,95.72414,256.13,30.0,2560.0,1920.0,cmu
d0cd84b0-afb3-4dde-9263-baaa4f40463a,331.959294,748.03,30.0,1920.0,1080.0,minnesota
d1229e3c-e380-42a1-bdea-e7e243493a97,1002.239521,7244.39,30.0,1440.0,1080.0,iiith
d136ab8d-e62e-41f0-b794-beb9a9e8e980,133.324651,156.77,30.0,1440.0,1080.0,unict
d13dab0f-6165-43a5-b68a-79921dfba509,343.274037,1213.37,30.0,1440.0,1080.0,iiith
d14d6c08-b80a-446a-988e-5b57a079097c,172.022861,412.8,30.0,1920.0,1080.0,minnesota
d1d1b6da-e7f8-48e7-9ee4-d8382582695a,508.677312,1063.25,30.0,1920.0,1440.0,bristol
d1ec3f0b-bfed-4a34-a44d-1e45b9fe119b,336.814614,708.01,30.0,1920.0,1440.0,utokyo
d1f59fb1-5f81-4bd4-b3f1-81d69ab71ef6,308.010273,1063.13,30.0,1440.0,1080.0,unict
d20f6551-0272-4a69-8b02-da7ffcf29e0f,456.46982,1302.77,30.0,1920.0,1440.0,bristol
d2222009-a717-4b16-91ce-6399c5bb798a,12.67703,119.57,30.0,1440.0,1080.0,unict
d256e7bd-131c-498b-8398-52e996264fa8,177.482888,748.7,30.0,1440.0,1080.0,unict
d25c1a0b-c489-466c-aa24-9d7dd2df977e,6775.755937,1834.77,30.0,2560.0,1920.0,cmu
d2606d87-2a9b-48df-96b2-5df1a4457215,268.841301,594.51,30.0,1920.0,1440.0,bristol
d268cbf9-ad20-4cd3-a463-97f0e67cc273,88.936612,255.83,30.0,1920.0,1440.0,cmu
d27d4db8-c1c5-46e0-af9f-bc9aa24f1d4c,120.626034,4232.29,30.0,1440.0,1080.0,iiith
d29b209e-cbc7-40a7-a0d6-acf803b86c78,33.907874,537.0,30.0,1920.0,1080.0,minnesota
d2de811c-9255-4c4f-8a54-a2fc65527f59,377.72758,1397.32,30.0,1440.0,1080.0,iiith
d2e05761-29c4-4dd5-8ef6-027e40fea282,646.379083,3342.8,30.0,1440.0,1080.0,iiith
d2f675c2-978a-44a4-b8b0-c7da921f5cc0,235.043603,1058.09,30.0,1440.0,1080.0,iiith
d3075d27-12e9-40ec-9066-cb381eed8aa6,371.147868,954.52,30.0,1440.0,1080.0,unict
d3146817-e038-4fce-b407-fa955b2d1963,1268.390727,5058.85,30.0,1440.0,1080.0,iiith
d3279f4f-eea5-448f-a930-aafac6b668ac,5508.956594,5335.8,30.0,1440.0,1080.0,iiith
d362ba00-301d-4e88-8786-c4da2684e62e,109.049685,683.45,30.0,1440.0,1080.0,kaust
d36bb05b-2b9a-468c-93c1-7469aa559baf,542.529628,7217.19,30.0,1440.0,1080.0,iiith
d37e336e-31b7-464f-bc74-f836279dcee3,92.141483,371.93,30.0,1440.0,1080.0,unict
d38dad44-e3ef-43f0-8613-832757458348,108.93601,736.8,30.0,1440.0,1080.0,kaust
d38f271c-53f3-4771-8c17-a5157e723067,4663.321285,2274.25,30.0,1920.0,1440.0,bristol
d392a2c0-7afb-436b-9233-08e3aa6ef741,646.176398,1000.6,30.0,1920.0,1440.0,cmu
d3980f7e-2ef1-4b2b-b73a-2a7db7465660,367.115324,1776.73,30.0,1920.0,1080.0,nus
d3a0899e-2093-454c-9f65-30087883193a,8150.914484,3720.43,30.0,1920.0,1440.0,cmu
d3dd9264-3fbc-468f-8c8f-433c3e804411,92.2342,1045.67,30.0,1440.0,1080.0,kaust
d41f3a00-ef34-4405-90f9-1dece0ecd129,135.134287,152.43,30.0,2560.0,1920.0,cmu
d41f6dac-369a-4fed-abed-2423b28bb8f8,2230.803525,531.57,30.0,2560.0,1920.0,cmu
d46c28a9-e94e-492e-bf12-07d253f65328,724.596551,4374.7,30.0,1920.0,1080.0,unict
d4b97eac-795c-41ee-a54e-6c50ef5ae69c,26.52848,35.73,30.0,1920.0,1080.0,minnesota
d4c28488-a494-405d-bc8d-27a074aa9c5c,122.75393,1290.7,30.0,1440.0,1080.0,unict
d4d34e1f-6ff1-4ec2-a2fe-9c801aa9f8dd,106.736671,828.0,30.0,1440.0,1080.0,unict
d4f2eac6-6e00-49fc-9be6-b9e3ebd1ca85,1364.773655,1040.77,30.0,1920.0,1080.0,unict
d4fb2a98-af49-4616-b404-ea60d8c1e0bb,432.139561,1198.39,30.0,1920.0,1440.0,bristol
d51a0b73-1ad7-4d4e-be99-714f6637668a,893.225076,1397.5,30.0,1920.0,1440.0,bristol
d521d31b-83aa-48ef-9ccf-eee9773c50dc,1330.429294,3851.5,30.0,1920.0,1080.0,frl_track_1_public
d55c3204-8dfe-44c4-8822-d748e6fe6d8a,217.99066,1186.6,30.0,1440.0,1080.0,kaust
d57f96f7-0a4c-4140-8806-45cbc9eb0483,1995.938594,3647.86,30.0,1440.0,1080.0,iiith
d582408a-1d49-4389-b3af-f5b374823c4f,1572.827512,4419.62,30.0,1440.0,1080.0,iiith
d59f69bd-8250-4d06-998b-f057f51e6a8f,489.442356,708.03,30.0,1920.0,1440.0,utokyo
d5a09f08-294d-446a-8f56-d3e09232039b,659.427941,1513.52,30.0,1920.0,1440.0,bristol
d5ac2685-a012-46fe-8bc9-5c21c07edb0a,441.539297,1603.37,30.0,1440.0,1080.0,kaust
d5b41979-30df-41f3-9fb3-1e283fca8b3c,19.710827,47.33,30.0,2560.0,1920.0,cmu
d5b7e865-a74f-41c1-9946-f3c6da61c0c5,110.133676,203.48,30.0,1920.0,1440.0,utokyo
d5d01a08-b5ad-4bb5-be0b-60154583e82c,134.921823,1004.7,30.0,1920.0,1440.0,bristol
d5f74b8a-7636-45c3-9c1b-9e0a596c2b56,64.043955,203.2,30.0,1440.0,1080.0,iiith
d60525a7-d319-4c8c-a264-3659ec005817,49.448621,140.83,30.0,1440.0,1080.0,kaust
d60ab94d-8e10-40a5-8ba1-bfb154a3c842,830.936733,3943.97,30.0,1440.0,1080.0,iiith
d64fb34a-08fd-416c-ac6f-86a0813869a8,328.504726,956.53,30.0,1920.0,1080.0,minnesota
d66f42bb-822b-444a-bce0-ddd15b29bd1b,105.078645,213.63,30.0,1440.0,1080.0,kaust
d67e2788-e28c-417d-8142-f081a0c174c8,810.345933,1622.72,30.0,1440.0,1080.0,iiith
d680fc86-1484-4f8d-9a5b-90fc4f473aee,125.707009,307.43,30.0,1920.0,1080.0,unict
d6e25033-e0dd-47e0-8ef5-b0cb7ba56818,1550.280004,1919.08,30.0,1920.0,1440.0,bristol
d6e7eb54-2f8c-46f5-8b7c-5941ab3ace2a,22.831566,363.4,30.0,1440.0,1080.0,iiith
d72003de-42f9-4e11-b06a-8321b8662ca6,126.316984,695.63,30.0,1440.0,1080.0,unict
d731d55b-a67c-498e-9016-2758185a2553,61.671035,321.37,30.0,1440.0,1080.0,kaust
d73e5118-f353-4891-88bc-f09b8096207b,92.261339,209.07,30.0,1440.0,1080.0,kaust
d74c95ba-e072-44f8-bb2f-2631379af06d,294.473962,1228.33,30.0,1440.0,1080.0,iiith
d752fc52-9592-4cb5-910b-d09bb39261fd,632.450282,1054.48,30.0,1440.0,1080.0,kaust
d758b0c3-1c50-4abb-b1bc-a1b16d3397eb,127.234816,156.29,30.0,1440.0,1080.0,kaust
d78a57ea-da64-48e2-a406-abc8f84b9f85,2546.847391,2629.0,30.0,2560.0,1920.0,cmu
d78e3794-6f26-4e01-a2ce-08696774c056,210.829914,2116.16,30.0,1440.0,1080.0,iiith
d7951b74-71fc-4dd7-a874-408088870e72,2678.391483,6348.42,30.0,1440.0,1080.0,iiith
d7a2e92e-dc74-4e79-be04-a86f829fc3ec,450.36499,2116.16,30.0,1440.0,1080.0,iiith
d7a67b75-ad74-45d1-b78a-1fd8f9422ae6,856.21653,1938.0,30.0,1920.0,1440.0,bristol
d7e85000-77af-4fc9-a26d-f160672afd5c,154.548055,203.93,30.0,1920.0,1440.0,cmu
d813a821-8cc1-4700-a7a4-d4e6edfed26e,216.305909,532.03,30.0,1920.0,1440.0,utokyo
d8217a15-4527-4557-94c5-df4eb78b748a,912.861305,3740.4,30.0,1440.0,1080.0,kaust
d82e30aa-42fe-4f5c-a0b4-81ea66c5edf7,1855.581133,3174.22,30.0,1440.0,1080.0,iiith
d84b7316-6db7-49f3-be95-49121c5a68d7,1146.603422,3840.3,30.0,1440.0,1080.0,kaust
d85a94b2-27dc-4aac-bcca-d762e37a2eab,4371.201835,2656.57,30.0,1920.0,1440.0,bristol
d85f0f6d-ec7d-4dd6-b829-c540a1a41193,732.923834,985.37,30.0,1440.0,1080.0,unict
d8936caf-0142-4ceb-bacc-70313a19f169,518.391613,1388.7,30.0,1920.0,1080.0,minnesota
d89ddccf-4845-4f01-8de2-23cde70c0a45,905.109418,3251.52,30.0,1440.0,1080.0,unict
d8c48359-4f87-4b77-8297-b921d605fbbd,23.4375,236.56,30.0,1440.0,1080.0,unict
d8c7bf34-0440-48b3-bf22-263d7c926074,208.492844,388.17,30.0,1920.0,1080.0,minnesota
d8c894ab-7b08-4983-9e80-fdb5d6ee0202,503.119886,5063.39,30.0,1440.0,1080.0,iiith
d9162e17-7325-4f1f-8a18-823a796cf2fb,210.180177,914.53,30.0,1920.0,1440.0,cmu
d91dc73b-0c0e-49ed-960c-4534e7557c48,709.504499,996.3,30.0,1920.0,1440.0,cmu
d94854b6-3469-4c9c-8d2b-aa9019010a11,555.948064,2120.86,30.0,1920.0,1440.0,bristol
d9691bde-a0b2-4521-8374-a74f594aaaac,476.175613,877.4,30.0,1440.0,1080.0,iiith
d978d448-478c-40a9-b160-e56bade3a562,64.020763,158.0,30.0,1920.0,1080.0,unict
d9941963-10dd-49bc-badc-998c88cf1e18,634.637636,1926.97,30.0,1440.0,1080.0,unict
d9db7166-e5fe-4ce5-85eb-0c437c4ddf32,1893.502418,17267.5,30.0,1440.0,1080.0,iiith
d9eb1ae4-acee-457e-a0bf-b0e49b4576ce,1407.475665,1146.12,30.0,1440.0,1080.0,kaust
d9ebd625-4b42-4906-9f4e-da8a7dc93bc7,36.162361,249.7,30.0,1440.0,1080.0,unict
d9f3226a-5cd6-42bf-a7d4-201f06fc81b1,637.321913,3812.63,30.0,1920.0,1080.0,bristol
da17baff-d7f9-4d48-8ca0-d4991d8a440f,174.703277,586.7,30.0,2560.0,1920.0,cmu
da32ff6e-27b2-47e6-b38f-dbf7a36b5f4d,266.679762,674.13,30.0,1440.0,1080.0,unict
da413a89-ecdb-44b2-bb9c-09a6bd8396c6,784.622501,6550.86,30.0,1440.0,1080.0,iiith
da5bebf7-d7d0-4a1f-aab4-72027b74eb01,7260.353302,2771.2,30.0,2560.0,1920.0,cmu
da6a171b-188a-4a9d-978f-0a8a784481d7,154.017859,240.83,30.0,2560.0,1920.0,cmu_africa
da80cc0f-c003-4ef3-b5ca-b09d3b105a03,319.937827,560.09,30.0,1920.0,1440.0,utokyo
da83370f-a3a2-45a7-ab22-7e6cf26a25fd,1405.950683,3685.47,30.0,1920.0,1440.0,cmu
dabcf717-b9f8-4547-b395-2745e2a45356,130.325397,401.47,30.0,1440.0,1080.0,unict
dac13cff-2cb3-46e3-bb29-ef639bc7f414,229.015887,463.1,30.0,2560.0,1920.0,cmu
dad4eb3d-3331-48e5-b3d8-81b7d5fb3ab0,252.888248,2124.73,30.0,1440.0,1080.0,kaust
dad6f975-3cbf-4609-a362-5bdef5a031a2,411.888565,2045.93,30.0,1920.0,1440.0,bristol
daf5384b-ea5c-4cce-bb8a-540a360075bf,873.680447,1133.47,30.0,1440.0,1080.0,unict
dafc891e-05f0-4734-88c6-1f818ac67a23,769.582307,3646.31,30.0,1088.0,1080.0,indiana
db00b25c-2900-4e86-89c7-d23bc96d46df,35.002191,124.67,30.0,1440.0,1080.0,unict
db171065-a8a9-49f7-bc56-66879d228b30,504.739981,1861.73,30.0,1440.0,1080.0,unict
db3f7933-dfa0-4678-9d4f-393b628ded45,354.958746,1594.83,30.0,1440.0,1080.0,kaust
db532215-0f8f-4cb9-8118-004746c5786f,280.549609,2063.87,30.0,1440.0,1080.0,kaust
db8e8171-882a-4359-ae23-89de26c98e84,286.172236,2803.56,30.0,1440.0,1080.0,iiith
db9805e6-c9fc-46bb-b0a9-c4025721cff0,331.13234,739.77,30.0,2560.0,1920.0,cmu
dbb150a2-a47c-42b0-82e4-b076b69f0fb2,461.456236,970.51,30.0,1920.0,1440.0,bristol
dbb5e1ac-45cc-4778-96dc-ed6698fc7230,152.929299,325.53,30.0,1920.0,1440.0,bristol
dbb6b742-2995-46f1-81ae-00d8256eb98e,168.199471,642.77,30.0,1440.0,1080.0,kaust
dbc37e1d-e6bf-4301-9997-98c3fe68a922,1940.806436,827.8,30.0,1920.0,1080.0,iiith
dbcca18b-4b62-4ba1-b799-a6a65231d084,555.21787,5093.66,30.0,1440.0,1080.0,iiith
dc030d61-5866-4285-934f-b0144346e067,436.522707,2002.07,30.0,1920.0,1440.0,cmu
dc16fb2a-7caf-41f4-b2a3-d2ff8cd38255,232.870526,1491.69,30.0,1440.0,1080.0,iiith
dc306087-4841-4ae3-9136-0dc45716bb9b,917.928313,1640.07,30.0,2560.0,1920.0,cmu
dc382b28-2f31-4276-b972-0b7dea9ebaad,30.939053,131.03,30.0,1440.0,1080.0,unict
dc4238d7-01a6-4480-b5b6-1ae3aa8cd228,408.893067,708.01,30.0,1920.0,1440.0,utokyo
dc496391-e201-4f7a-a2b9-1aca69a171e7,1098.616557,4232.29,30.0,1440.0,1080.0,iiith
dc4d0940-b35c-4700-af77-5f13bb530ad8,944.205387,1643.9,30.0,1920.0,1080.0,minnesota
dc615634-8536-45be-a98f-45b76252bfa3,116.964119,840.07,30.0,1440.0,1080.0,unict
dc6da3c4-dcb4-4ccb-8d2e-d5023dac6ace,223.808161,491.69,30.0,1920.0,1080.0,unict
dc708402-b918-4bef-b2ea-88bf22a7fb1f,83.110911,429.67,30.0,1440.0,1080.0,kaust
dc822d9c-3b09-4b63-86cc-81cecf29b259,190.85502,253.43,30.0,1920.0,1080.0,minnesota
dcd09fa4-afe2-4a0d-9703-83af2867ebd3,84.897997,596.43,30.0,1440.0,1080.0,kaust
dcd30089-0bff-430d-a8ae-c41516301d88,255.366609,603.87,30.0,1920.0,1440.0,bristol
dcd85b93-702c-41bd-b207-08b49678e33e,271.742295,1219.27,30.0,1440.0,1080.0,iiith
dcf0572e-8825-41dd-9efd-291c2e1b5204,41.708264,252.57,30.0,1440.0,1080.0,unict
dd02cb36-1265-40b4-b141-4e9f58c0d3b9,214.334429,652.77,30.0,1440.0,1080.0,unict
dd08bc58-b614-4ba7-b883-a213560621dd,76.36732,349.97,30.0,1440.0,1080.0,kaust
dd28584f-13e1-4fd9-97c1-0cc9a2313868,2498.565821,3728.27,30.0,1920.0,1440.0,cmu
dd5214e7-85bb-41b4-93e0-5ef34b8af687,777.349066,1566.47,30.0,1920.0,1440.0,cmu
ddc4e9ed-97bc-4df8-ad63-b23f616c7cb0,78.972837,89.8,30.0,1440.0,1080.0,unict
dddce8ac-09b0-4b13-b0fa-eb18e1f27b21,785.551766,1800.13,30.0,1920.0,1080.0,minnesota
de130a10-2c84-4006-b112-d90c8860804f,441.749028,899.87,30.0,1440.0,1080.0,unict
de19da07-f1b9-430e-91fb-14323ef27eb1,2790.634622,1081.15,30.0,1920.0,1080.0,unict
de37a11d-1dcd-4f5b-9054-155093b3a073,5471.618549,13783.9,30.0,1920.0,1080.0,uniandes
de3e73c8-af20-4115-a42e-450fccb81eaf,62.090661,510.2,30.0,1440.0,1080.0,unict
de7c6c45-031b-4706-9068-02f44de692d3,295.458574,1012.57,30.0,1920.0,1440.0,bristol
de8ea8a7-6bdb-4679-9b17-9dc6a79e45e7,276.273608,1594.8,30.0,1440.0,1080.0,kaust
dea0ae26-eef2-4065-95cd-90feb5e7121f,730.35123,1414.03,30.0,1920.0,1440.0,bristol
dea11d9b-46ad-4561-a9a7-a9c2f453723f,352.742577,1063.13,30.0,1440.0,1080.0,unict
debfb68a-eae2-464e-847a-cd3fea23f3ca,198.719245,1422.48,30.0,1440.0,1080.0,iiith
dedaa2ad-306d-47b3-a4c4-90b6b2c37e78,8570.631432,12840.9,30.0,1920.0,1080.0,uniandes
dee85b6f-9a43-467f-ae31-cbf468cd8965,1002.506056,3214.77,30.0,1440.0,1080.0,unict
deea34e6-97d6-42a3-bfd3-e71e200b1d9a,300.510674,1799.13,30.0,1920.0,1440.0,bristol
def2e8dd-aaf7-467f-aa8f-46f654e6f4e0,739.343339,1949.87,30.0,1920.0,1440.0,bristol
df01a6a0-2404-4a91-bd95-1ca04a4bcb05,200.472341,959.23,30.0,1440.0,1080.0,unict
df024106-63d6-4de4-8a8a-966a86b14eea,260.867806,668.32,30.0,1920.0,1440.0,bristol
df10e714-4e7b-4173-9025-3f13277343a9,212.750708,340.1,30.0,1440.0,1080.0,unict
df3fa0f8-00b6-4a83-b7e8-0737474cd728,1338.139797,1063.13,30.0,2560.0,1920.0,cmu
df59a988-5814-4bc4-9445-93d50cef9b69,1138.112139,478.61,30.0,1920.0,1080.0,unict
df630387-82c6-4c90-95e8-6ba558c907a2,204.980974,271.33,30.0,2560.0,1920.0,cmu
df77aa22-b198-4081-a10b-940bcd3639d5,2340.789037,5761.2,30.0,1440.0,1080.0,iiith
df7bdd06-c392-4a3d-ae1a-cdc234582472,127.079453,114.2,30.0,1440.0,1080.0,unict
dfaba491-c7e9-43c0-8294-b5b96d22fa7e,769.463113,2467.13,30.0,1920.0,1440.0,bristol
dfd0bc0c-28fc-4302-9a75-77df6c53ab31,571.203024,683.77,30.0,1920.0,1080.0,minnesota
dfdfde56-5e0f-4e8f-aa5b-73fae9336086,220.254026,1192.35,30.0,1440.0,1080.0,iiith
dfe04c95-e69b-4cb9-bf35-87e16ddd6ca8,765.417699,1402.53,30.0,1920.0,1440.0,cmu
e00d8164-9996-48ed-8645-bb88ab30cc09,609.532585,1058.09,30.0,1440.0,1080.0,iiith
e04cd16e-ac93-406c-9b60-ec7e956e9d32,1351.467598,4519.94,30.0,1440.0,1080.0,iiith
e0949d28-4751-46cb-8e5e-b65f2c623c55,34.309982,128.72,30.0,1440.0,1080.0,iiith
e09a667f-04bc-49b5-8246-daf248a29174,43.88316,142.57,30.0,1920.0,1080.0,minnesota
e0b22a37-836a-4231-a5ec-98114c311d32,42.790247,114.03,30.0,1920.0,1080.0,unict
e0c4d2c7-fd50-4c50-b40e-e1eda4a5708b,734.749013,1140.7,30.0,1440.0,1080.0,unict
e0cd64ef-f4df-454d-8073-60cd3ae06904,88.606322,146.7,30.0,1920.0,1440.0,cmu
e0ec0855-609e-4974-8af8-a59d213c05e5,457.660696,1888.62,30.0,1920.0,1080.0,nus
e0f24177-3542-4d00-93e5-94f03a856d5f,918.541622,1063.27,30.0,1920.0,1440.0,bristol
e0f75a35-4dde-44ef-aee7-cab38e4524f6,498.209692,5369.83,30.0,1920.0,1080.0,iiith
e163fce9-9c9d-48e2-8e25-91001b364722,3471.186438,1594.27,30.0,1920.0,1440.0,cmu
e17e29ea-a164-42a0-82d3-1df235d745eb,10.976817,12.03,30.0,1440.0,1080.0,unict
e187d152-8068-4446-9c60-e40682e9fe5e,864.675428,1082.4,30.0,1920.0,1440.0,bristol
e19b1be3-8ee9-44cc-ae7d-99a3591ebba5,331.856961,708.03,30.0,1920.0,1440.0,utokyo
e1b22a6c-dfd6-4c11-a9f6-1033b110f766,1307.611065,1283.43,30.0,1920.0,1080.0,minnesota
e1ef793e-19b5-420b-b0ce-e114e2e8153d,860.439211,1433.22,30.0,1920.0,1440.0,bristol
e1f00539-4cf5-449b-b13b-c7ee11a4c0bb,174.615665,531.0,30.0,1920.0,1080.0,minnesota
e230ee03-c90d-426c-91d2-256bdc0a3e68,199.559596,708.03,30.0,1920.0,1440.0,utokyo
e2469ed9-64a2-42b4-8cf7-089b1c7e7ba5,141.053365,417.87,30.0,1920.0,1080.0,minnesota
e250017c-16ff-4825-9c30-160f391e1549,173.360134,949.43,30.0,1440.0,1080.0,kaust
e25318c3-1bb2-4d60-9476-98b177af30be,136.230993,470.04,30.0,1920.0,1440.0,bristol
e2abddbd-526f-4e3f-be10-39ab2c5d5a3a,394.935626,3174.22,30.0,1440.0,1080.0,iiith
e2cc2a6c-5dff-4c8f-840e-0418e37c91ce,27.123437,133.2,30.0,1440.0,1080.0,unict
e2dd39cb-63e2-4ebb-b99a-ad7ff579b048,1248.174812,2810.25,30.0,1440.0,1080.0,iiith
e2f492ff-74c7-4fdc-8c93-0d4ebf66cc63,1355.846371,2098.49,30.0,1920.0,1440.0,bristol
e30c9bc8-7cd7-492d-ae04-c5a3e817a8a1,3956.013781,1222.97,30.0,2560.0,1920.0,cmu
e334bf47-e5f0-4922-8cde-4700951fa193,847.981883,1738.77,30.0,1920.0,1080.0,minnesota
e339898f-5e79-4723-89d7-44ba33b163de,311.49586,531.57,30.0,2560.0,1920.0,cmu_africa
e340405d-89a6-4282-b12b-2bdd2b0681d9,2138.499496,4485.36,30.0,1440.0,1080.0,iiith
e34c6f5e-5453-4e6b-b54c-be31d342cc72,286.641627,740.53,30.0,1920.0,1080.0,minnesota
e364f763-6e1d-461e-8bed-effd53ef88bc,120.715479,969.03,30.0,1440.0,1080.0,unict
e39bd544-d443-42b9-ac4c-382029e92dba,427.750542,775.53,30.0,2560.0,1920.0,cmu
e3c61fe7-0b38-40b3-b3db-efb48fc5d0df,99.513035,247.08,30.0,1920.0,1440.0,bristol
e3d02ddb-f386-4ae3-a62d-e4fe4db7f345,222.960357,334.04,30.0,1440.0,1080.0,iiith
e406c375-245c-419e-9525-652f61eda7d3,290.084738,2126.2,30.0,1440.0,1080.0,unict
e4257a81-330b-4b51-b560-36b59c4d4679,266.119179,258.77,30.0,2560.0,1920.0,cmu_africa
e4259a99-fd9f-437b-b887-3d671e32d4f0,7745.674158,5895.27,30.0,1440.0,1080.0,iiith
e454170f-9b08-4861-97b7-a5bdc1b1528f,258.48764,985.37,30.0,1440.0,1080.0,kaust
e456df39-0980-4b2c-92e8-b03193a6e90f,971.906057,2625.23,30.0,1440.0,1080.0,iiith
e47119be-41e8-4fda-94cb-e59aabb2329f,175.507402,1929.8,30.0,1440.0,1080.0,kaust
e4ab68fe-3560-4dc1-8dbf-f8d4df39f770,645.150108,1304.33,30.0,1920.0,1440.0,bristol
e4ad6fd7-2e3e-4991-b392-a0056f702286,1391.483597,3869.4,30.0,1440.0,1080.0,iiith
e4c8ece5-cc27-4f8b-84da-ceb7bce6feae,440.429514,1415.35,30.0,1920.0,1440.0,bristol
e4d551ac-f6c0-4494-aa9f-286f1a6757c7,39.116164,23.03,30.0,2560.0,1920.0,cmu
e4d961f5-176f-4dde-864a-bb94523312a1,59.909554,1145.3,30.0,1440.0,1080.0,iiith
e4dc253e-e5be-4b1e-89c2-ab1a47c486b0,317.317122,3174.22,30.0,1440.0,1080.0,iiith
e50a806e-c996-46a5-bbe3-03a65efbef1f,1.098568,12.57,30.0,1440.0,1080.0,unict
e54b0e18-5dcd-4b58-9fbc-9c757cc5b7ec,245.354266,808.9,30.0,1440.0,1080.0,unict
e54d654b-86ca-4219-bbf4-68575fffa098,8002.683725,16129.9,30.0,1920.0,1080.0,uniandes
e552609d-72c0-471f-915f-83bcddaad3c1,994.661146,1414.43,30.0,2560.0,1920.0,cmu
e57140cd-b6d6-4355-a962-1146e0635a95,363.588063,1877.26,30.0,1920.0,1440.0,bristol
e58a1cd6-cf82-4477-b8a3-8f749ebceffe,745.787267,1906.57,30.0,1920.0,1440.0,bristol
e5a9f6d7-e7df-4209-a825-0a391c4815ba,329.624103,990.67,30.0,1440.0,1080.0,unict
e5c55d15-f978-4bed-b8bc-99d0c7998334,480.401442,964.37,30.0,1920.0,1440.0,cmu
e5d94463-f292-451d-8d7c-0926001da4e1,381.864308,509.63,30.0,1440.0,1080.0,kaust
e5e2803e-4b07-4a8a-a9b7-d33477bd8b3e,149.610594,1587.22,30.0,1440.0,1080.0,iiith
e6185339-0e35-4337-8260-5d43b46ecbff,78.537671,433.07,30.0,1440.0,1080.0,kaust
e6231d1a-1f7f-4198-a499-7635509adfaf,47.331945,257.49,30.0,1440.0,1080.0,iiith
e636dd8b-7682-4910-8b26-781f192c37ec,448.953167,1418.01,30.0,1920.0,1440.0,bristol
e637b1ca-5ffb-40cb-9913-1177345a81e5,1143.091285,5234.5,30.0,1920.0,1440.0,cmu
e65cdb37-b00c-44b1-909f-068022d804cb,839.952409,1800.13,30.0,1920.0,1080.0,minnesota
e6b7692d-5e35-4524-8d2a-385475b95806,743.583501,4075.47,30.0,1440.0,1080.0,kaust
e6bdfe96-48c7-48c9-a5c8-5f09aee849b7,824.299726,1975.7,30.0,1920.0,1440.0,bristol
e6d01674-2031-4073-8b5c-adef89cd96d1,277.070414,553.5,30.0,2560.0,1920.0,cmu
e6f1accd-e18d-43ec-b854-e7633b15cbf7,365.330617,3242.53,30.0,1440.0,1080.0,iiith
e6fdec5a-21e1-43e8-b662-9376538394d5,6502.169125,10637.0,30.0,1920.0,1080.0,uniandes
e72082e8-f9e6-42ac-ac45-de30f9adee9d,95.703571,227.0,30.0,1920.0,1080.0,minnesota
e7261e4b-c1b8-4e79-a31a-9630bba5fc42,700.296975,1754.73,30.0,1920.0,1080.0,minnesota
e7341197-a3ee-4259-a392-32e766ef07c6,79.154965,122.73,30.0,2560.0,1920.0,cmu_africa
e739f98c-a5f6-454f-a0b9-8f2fd024c1cf,66.615432,176.77,30.0,1440.0,1080.0,unict
e75caa1f-8658-432c-b559-f6a1f3fc409c,769.734822,3313.77,30.0,1440.0,1080.0,kaust
e7742d04-2dc5-4046-9d0c-d45c6fe74d25,258.550785,564.03,30.0,1920.0,1440.0,bristol
e7bb40bd-2ba3-4ac9-8e10-b209504f2964,261.444572,1177.38,30.0,1440.0,1080.0,kaust
e7cda49b-1c03-4d74-a759-c2eeb96465b4,154.273421,89.6,30.0,1920.0,1440.0,cmu
e8283c8f-ecc0-448a-84d2-9f16160d7a4b,705.85709,961.15,30.0,1920.0,1440.0,bristol
e828f68b-31f7-4caa-9f69-89842e26e914,707.545647,450.83,30.0,2560.0,1920.0,cmu
e82dd964-6757-4379-9306-2e3e66079cc4,35.977018,62.57,30.0,2560.0,1920.0,cmu
e837708f-8276-4d2b-88b3-319cddabbf74,1250.47123,1403.3,30.0,1920.0,1080.0,minnesota
e84c2ee8-0e6a-4d77-953d-00fb5afd76c4,206.34323,1166.3,30.0,1440.0,1080.0,unict
e8657b65-be92-401d-a8d8-2fa32cb861c0,254.295716,1164.13,30.0,1440.0,1080.0,kaust
e87ff93b-e900-42a6-83f7-3873c4d831fb,132.708527,706.23,30.0,1440.0,1080.0,unict
e8a47631-b7e6-4c7d-bf0f-a37bf1ec913a,387.928764,708.03,30.0,1920.0,1440.0,utokyo
e8b1837a-def3-490c-ab5e-4ac64cdce434,170.945351,1696.67,30.0,1440.0,1080.0,kaust
e8c52c5d-4d8f-4d9f-befd-29f661f80f27,316.269015,1054.86,30.0,1920.0,1440.0,bristol
e8e131cf-cef0-48b9-9d64-67153c91d6b3,107.311614,465.37,30.0,1440.0,1080.0,unict
e8e7ea61-7434-4692-bffc-693747022d0e,162.321103,807.33,30.0,1440.0,1080.0,kaust
e907ab27-ed99-43f1-83e9-e9b1202820eb,247.860988,3566.63,30.0,1440.0,1080.0,kaust
e91bd0fd-abaa-4aa8-90db-21eae97c25f3,1511.131101,1932.43,30.0,1440.0,1080.0,unict
e91cd74f-eba1-4927-922f-a63839643715,30.930389,381.5,30.0,1440.0,1080.0,unict
e922e85b-06f2-40aa-aa08-181cd8006e0a,92.847383,806.27,30.0,1440.0,1080.0,iiith
e9725499-415a-490c-a1c7-6089030c958a,1618.6296,2573.38,30.0,1920.0,1440.0,bristol
e97e49cd-bc8c-449d-8d8a-7b01ca6d322b,77.972075,258.7,30.0,1440.0,1080.0,unict
e9a19c77-50c5-4175-897f-2f5522dc1da8,4727.140458,5416.37,30.0,1920.0,1440.0,cmu
e9ab9c6c-acbf-45e7-bc5d-d7b305973f37,3028.770491,2684.33,30.0,1440.0,1080.0,iiith
e9c385b9-ab98-4120-8073-9129fff2dfbe,344.966105,668.77,30.0,1920.0,1440.0,bristol
ea096b64-6723-4b54-8e17-6b5fcc1a9bd6,96.62617,333.33,30.0,2560.0,1920.0,cmu
ea154453-394d-46f0-a89b-f171cb73bc81,153.054573,1411.11,30.0,1440.0,1080.0,iiith
ea706b45-a60f-462f-8fab-66cab1126989,340.024525,835.96,30.0,1920.0,1440.0,bristol
ea891412-81c9-4377-b7ac-b63d6cd00f70,316.236432,1129.03,30.0,2560.0,1920.0,cmu
ea9f7fd9-a572-4ccb-a4bf-19a61976ea83,174.282149,766.44,30.0,1440.0,1080.0,iiith
eaa560d5-6432-4030-a03a-b6ba512e621d,213.797325,995.41,30.0,1440.0,1080.0,iiith
eaa817af-b7e0-4f0a-8156-73834cf1157b,719.687025,3015.0,30.0,1440.0,1080.0,kaust
eab3bfc0-d611-4a40-89b4-7f9747b55e6a,257.705874,2109.05,30.0,1440.0,1080.0,iiith
eab7f116-e9c4-4c07-a963-ceffaaa68f29,483.771343,4099.27,30.0,1440.0,1080.0,kaust
eabf19d3-4e52-4aee-8f14-5118626a078f,766.765865,1150.37,30.0,1920.0,1080.0,minnesota
eafc77b4-8b79-47f6-b3ab-bae2fb7703c3,80.692524,2560.21,30.0,1440.0,1080.0,iiith
eb1b6e62-7197-4a75-bc39-c373e558fd97,86.411359,848.47,30.0,2560.0,1920.0,cmu_africa
eb2652af-7458-431a-a0a7-9e263594b910,343.647701,677.18,30.0,1920.0,1440.0,utokyo
eb2c9739-dba0-479c-81b7-9dda51c4ac20,508.594606,2770.7,30.0,1440.0,1080.0,kaust
eb486644-f46f-44cf-8e4b-73245b2fc02e,2475.469786,2473.67,30.0,2560.0,1920.0,cmu
eb5cb2b0-59e6-45da-af1b-ba86c7ab0b54,1509.850901,1691.77,30.0,1920.0,1080.0,minnesota
eb5cd861-7460-4d73-8945-c8eec0c3d450,177.726147,4232.29,30.0,1440.0,1080.0,iiith
eb628b6d-001d-48ab-90ed-730e47f299b9,355.535039,432.03,30.0,2560.0,1920.0,cmu
eb6422b1-c6da-4aff-bc62-189131fa8a96,349.833629,708.03,30.0,1920.0,1440.0,utokyo
eb71d19c-34a2-4fdd-8fd4-cd8415b378e3,514.059084,1822.83,30.0,1920.0,1080.0,nus
eb771384-0c77-437f-a635-4c75c2032afb,173.189839,279.03,30.0,1920.0,1440.0,cmu
eb805d63-40c0-4454-9bc4-7cd4d7816e7d,25.332356,121.37,30.0,1440.0,1080.0,iiith
ebae32c1-6ad1-4b96-851c-166e1784d50a,1187.460304,2123.2,30.0,1440.0,1080.0,kaust
ebc9f0f8-924b-47d1-a639-de4f2d6e6a4c,131.682938,798.07,30.0,1440.0,1080.0,kaust
ebd99fba-756f-41a1-b7b7-88f37824a400,555.418923,1798.93,30.0,1920.0,1440.0,bristol
ec1b4e46-c533-4b77-8f80-533dd5934d14,789.175218,1800.13,30.0,1920.0,1080.0,minnesota
ec2d5748-62ee-498d-a735-e5392a73bcbf,780.864062,3312.13,30.0,1440.0,1080.0,kaust
ec3556de-be79-4ad4-aa0f-eaca48abb5d5,681.113187,1800.0,30.0,1920.0,1080.0,minnesota
ec3f2fa8-babe-4407-97bc-8fe8f1ee27be,110.407032,469.1,30.0,1920.0,1080.0,unict
ec469668-19d7-4120-b97f-fcaa79d35215,167.227658,230.2,30.0,2560.0,1920.0,cmu
ec54dd40-278b-47b5-bcb1-eaef24160ca4,14.990949,79.64,30.0,1440.0,1080.0,kaust
ec718d69-4356-42c0-966b-87bbcd70179f,608.552596,1800.13,30.0,1920.0,1080.0,minnesota
ec8b75c5-54ea-41a4-8004-e29a3434d8ff,86.595067,788.0,30.0,1920.0,1080.0,unict
ec8eb536-e142-4628-9b87-4df3fd403f91,1376.403084,1020.73,30.0,1920.0,1440.0,bristol
ec9fd60f-578b-4e29-b016-b6a424b064f4,161.821995,487.4,30.0,1440.0,1080.0,kaust
ecb53665-3b24-416f-9a63-24030aed6f97,888.450109,2488.34,30.0,1920.0,1440.0,bristol
ecb608ac-6443-46d4-9025-1300c456b8c8,13.105967,84.77,30.0,1440.0,1080.0,unict
ecd0d190-ea38-4731-af01-96e05a27ab79,241.06656,783.37,30.0,3413.0,1920.0,cmu_africa
ecdc21d9-ee59-48ab-ae02-53e9aba05ef8,666.118929,1142.97,30.0,1440.0,1080.0,unict
ece0aedb-c857-4cbc-aa62-bf3c0ad69b9b,1041.458527,503.23,30.0,1920.0,1080.0,unict
ed1e7c2d-970b-4773-b945-1df0061b677d,389.88399,962.47,30.0,1920.0,1440.0,bristol
ed23435d-79b6-48fc-9c92-ab1ee0806534,879.77636,729.8,30.0,1920.0,1080.0,minnesota
ed432ff3-54f7-4fb9-9a67-80b4d43a076c,636.513713,855.07,30.0,1440.0,1080.0,unict
ed60dcdb-b273-44e7-b5dc-f9527d7c403f,189.556345,251.73,30.0,1440.0,1080.0,unict
ed6d342f-d599-41ba-a0a4-2822bbe9a78a,52.057131,413.44,30.0,1440.0,1080.0,kaust
ed8ad766-17a3-4bf3-88a6-ce83f53a7098,2972.313808,1800.13,30.0,1920.0,1080.0,minnesota
ed90c2e8-c608-423f-a565-7b4cfffbe438,1728.231068,8230.92,30.0,1440.0,1080.0,iiith
edaaa1c1-ea36-4318-86b0-becc9b7de0f4,150.515695,619.97,30.0,1440.0,1080.0,iiith
edc1869c-8a97-44fd-ab47-63fda4a54df9,203.018825,426.9,30.0,1440.0,1080.0,unict
edc25190-7d42-4bf9-b69b-f821da0a9a8e,59.207517,1367.52,30.0,1440.0,1080.0,iiith
edc86f1a-a731-4e34-b308-5644f6d5afba,11.356525,60.0,30.0,1440.0,1080.0,unict
ee0a0b25-f06a-4e17-813b-248f99b2e8b8,1818.247751,5496.46,30.0,1440.0,1080.0,iiith
ee1eea29-aaad-41a4-b299-c72ed26c9da5,112.329396,900.2,30.0,1440.0,1080.0,kaust
ee3e83ac-28ad-4f6d-ab48-51d7a6b5e497,514.65396,719.6,30.0,1440.0,1080.0,unict
ee6f0404-9c97-4240-bd7b-2dcb340031d5,197.36667,207.63,30.0,2560.0,1920.0,cmu
ee7bc1e4-fca9-4c23-9b98-63ce27333824,255.746533,1576.73,30.0,1440.0,1080.0,kaust
eec01ded-9bf6-4da4-b61c-ac6a022e8ce4,335.488546,684.32,30.0,1920.0,1440.0,bristol
eed2f97e-15eb-4bbf-8378-a6074baf92e8,174.354419,844.37,30.0,1440.0,1080.0,kaust
ef641454-94d5-4fe4-bf21-710144143967,945.122323,1800.13,30.0,1920.0,1080.0,minnesota
ef820406-e4ce-4596-84a6-5abcde5b268e,1258.186139,450.2,30.0,2560.0,1920.0,cmu
ef8b6116-b6a1-43a2-b84c-4e261918e2bc,2340.45166,1276.17,30.0,1920.0,1440.0,cmu
efd052ce-4af1-48f4-8546-c13428ee92ec,1016.320677,2301.03,30.0,1920.0,1440.0,bristol
efe942ae-6339-4646-b644-dbe76db177ca,494.586848,1719.13,30.0,1920.0,1440.0,bristol
eff7f167-e828-421f-a69e-956dddbecf08,118.632458,531.63,30.0,1440.0,1080.0,kaust
eff9a4e2-a2ab-45d4-a142-64a9aa4fc6e9,552.119093,1872.29,30.0,1920.0,1440.0,bristol
f0164f5d-c87e-4296-9e20-2166586c1ebd,60.682594,560.13,30.0,1440.0,1080.0,unict
f0204f83-ea03-4c33-b7e7-13d2188ab3e5,82.64567,177.0,30.0,1920.0,1080.0,minnesota
f054bbcf-e9ed-42f7-8dd4-9167a9f24035,244.676114,531.03,30.0,1920.0,1440.0,bristol
f05a1356-51c7-4365-aff1-d8a846b96eba,902.685905,3748.4,30.0,1920.0,1080.0,indiana
f0776c0c-e50c-4e2d-a3f6-5a53b323829d,82.934053,628.83,30.0,1440.0,1080.0,kaust
f0917e7a-e945-473d-95a6-12a1b4cb4e27,123.441891,4232.29,30.0,1440.0,1080.0,iiith
f0a21b13-e964-4998-89f7-c0dfba21e711,138.717062,1465.47,30.0,1440.0,1080.0,kaust
f0c8aba4-3101-4912-881c-e12d7817eba8,760.839498,1846.93,30.0,1920.0,1080.0,frl_track_1_public
f0f625f3-5ba4-405c-957b-eb1ab06ffcef,47.050707,196.93,30.0,1440.0,1080.0,kaust
f1095f1e-1008-4692-a2c3-bf7dcac67701,71.261617,216.43,30.0,1440.0,1080.0,kaust
f12a83a9-77ee-495c-9f11-2d41137a0b1a,838.10456,1919.59,30.0,1920.0,1440.0,bristol
f130564b-a153-4a84-96bf-447cb837272c,233.013379,903.4,30.0,3413.0,1920.0,cmu_africa
f131861d-c8df-4f78-b28e-7b82cc8d1270,117.196412,183.1,30.0,2560.0,1920.0,cmu
f1667511-9a9a-475b-8574-daabe913d4f2,555.54856,1238.83,30.0,2560.0,1920.0,cmu
f16d2f27-33eb-4510-a07e-0bb913c7f6b4,4842.307143,2364.67,30.0,1440.0,1080.0,unict
f178b211-e532-47ef-8b2b-28a7fa4c8e0f,8994.043211,4221.77,30.0,2560.0,1920.0,cmu
f19d037c-2731-4f4f-a850-bfbcb20d6f68,1263.170292,2570.9,30.0,1920.0,1440.0,bristol
f1d2b2ee-2e29-4d57-94a0-8875b70ccd34,233.802568,1419.78,30.0,1920.0,1080.0,frl_track_1_public
f1d57e76-ed92-463c-be15-0bf82440644a,519.312876,1805.72,30.0,1920.0,1080.0,nus
f1f66ad3-09d6-447f-baa1-9c0a638fad3b,353.916357,1058.09,30.0,1440.0,1080.0,iiith
f1f6a30e-b81c-4edf-a99f-272072f72642,505.872977,1661.93,30.0,1920.0,1440.0,bristol
f1f8d17c-3d2a-4a2a-9482-0a8e385e77ae,190.945034,387.0,30.0,1920.0,1440.0,cmu
f202143d-1055-497a-9eb5-bedd7c4ae361,6162.124311,2521.23,30.0,2560.0,1920.0,cmu
f20fb254-9648-40ea-a500-5493a1ad9eac,1269.401424,2116.14,30.0,1440.0,1080.0,iiith
f22115b5-b9be-4e30-8576-7c1fcecec480,1177.131116,531.57,30.0,2560.0,1920.0,cmu
f2420e55-e559-40e1-9c96-863c6be763fd,373.030429,2483.0,30.0,1440.0,1080.0,kaust
f246429f-404e-4023-9b82-bfe6bf1e50cd,759.235753,1800.13,30.0,1920.0,1080.0,minnesota
f265c11a-5b65-49e2-b77a-8735f2aa9a48,1141.83698,1876.47,30.0,1920.0,1440.0,bristol
f26ca7c3-2dfe-4e74-be61-529635df723f,144.607171,409.06,30.0,1920.0,1440.0,bristol
f277b970-9a30-467e-9f2f-bc8b36b7c259,36.068558,162.1,30.0,1440.0,1080.0,unict
f295992e-6615-4007-9461-e6320cfaa696,30.36046,264.9,30.0,1440.0,1080.0,iiith
f2a257e6-01da-4856-b145-2947ce5dcb0e,171.938727,608.9,30.0,1440.0,1080.0,unict
f2b29e04-a09d-4faa-a966-6f639dca11ec,198.305299,883.7,30.0,1440.0,1080.0,kaust
f2e4ad31-16ab-4663-9f3c-b0a644262016,34.574362,99.47,30.0,1440.0,1080.0,unict
f2eb0515-8ec4-4a7b-a5a9-1091ec0c56ca,324.401742,1029.85,30.0,1440.0,1080.0,iiith
f2ee7e0b-c4f3-4f8b-af9e-8d1cea686be5,604.017194,4232.29,30.0,1440.0,1080.0,iiith
f2f94646-069f-4a5e-8db0-5d3b779790af,74.908841,231.06,30.0,1440.0,1080.0,iiith
f3099fb7-66a0-4505-a0c8-a8c2819513f2,369.820443,2008.42,30.0,1920.0,1080.0,frl_track_1_public
f319b070-3775-4a57-95d8-43aab8e67394,322.847086,5701.21,30.0,1440.0,1080.0,iiith
f3235555-28ea-4ffa-842b-ccf862ec0ae9,1301.516301,1967.5,30.0,1920.0,1440.0,bristol
f323d145-bed9-41ad-94e4-7a9d12db9825,35.115391,618.37,30.0,1440.0,1080.0,unict
f324ccbc-bef5-4d68-9722-cc99bdaaa660,522.827741,1986.57,30.0,1440.0,1080.0,unict
f32bac4e-edf5-4864-87cf-b386330b017f,1033.932691,1791.53,30.0,1920.0,1440.0,bristol
f330e671-6ad4-49d4-8d59-e2493119ac43,5374.261021,13665.8,30.0,1920.0,1080.0,uniandes
f3371664-e805-42ed-8a6d-964559a70ee8,229.541777,248.77,30.0,1920.0,1440.0,cmu
f33dd5b7-ac69-4082-b152-a2db14b3a8cf,874.218948,4753.17,30.0,1440.0,1080.0,kaust
f362408a-1ef0-4766-9f73-cac3f663773f,245.402117,708.03,30.0,1920.0,1440.0,utokyo
f3a0487b-70f6-4446-99a0-16dc78019ee7,931.271952,4178.9,30.0,1440.0,1080.0,kaust
f3a9685f-0238-45a8-b7f5-30660e4d3acf,1964.346024,1239.43,30.0,1920.0,1440.0,bristol
f3b1d2c0-728b-40c4-bc8f-236b7a558dcc,293.591077,2405.2,30.0,1440.0,1080.0,kaust
f3c51a17-e771-45dd-bc13-f2de5c903f69,844.74779,4157.86,30.0,1440.0,1080.0,iiith
f3d921fe-d7d8-4c09-98fd-7850154d73dc,594.888778,1379.3,30.0,1440.0,1080.0,unict
f3dc880e-c5c9-4463-b1f3-8e2465ea6032,23.040947,316.1,30.0,1440.0,1080.0,kaust
f3e79f6b-3b27-4aa6-a270-55a6424fd974,120.05363,977.72,30.0,1440.0,1080.0,unict
f40e0f92-2250-46c9-98a0-8ccf23d164e0,446.26406,2867.63,30.0,1440.0,1080.0,kaust
f4251612-a623-40a0-9fc4-2016c4aa607d,387.671794,930.06,30.0,1920.0,1440.0,bristol
f42ae9c2-d43e-45af-8adb-02d0b16b2ef7,829.446483,2323.73,30.0,1920.0,1440.0,bristol
f4390995-5ef6-4f68-93b0-fcf953daff92,356.519755,385.9,30.0,1920.0,1080.0,unict
f43bb351-fb98-4a74-bd50-f57e91d3863f,677.471265,1800.13,30.0,1920.0,1080.0,minnesota
f442873e-6f2b-493f-a6db-718cd20a732a,263.14649,2411.43,30.0,1440.0,1080.0,kaust
f4549acc-60aa-4adf-ab2a-11b9e03d067a,41.346832,186.67,30.0,1440.0,1080.0,unict
f4942d31-40a4-4f28-839c-1155eaa34200,259.427903,715.83,30.0,2560.0,1920.0,cmu_africa
f4c4c22e-2719-4897-87a8-bb754903eb01,13.355822,204.48,30.0,1440.0,1080.0,iiith
f4cc5fdc-f64f-4dd7-9b95-61db9bbf33d5,394.929149,1047.74,30.0,1440.0,1080.0,iiith
f4f1ea71-52c7-4a1e-ae07-b7d1ff2b2d97,38.280909,106.0,30.0,1920.0,1080.0,minnesota
f50acf72-0347-47b3-a0a7-9916311d5c3a,158.763746,694.93,30.0,1440.0,1080.0,kaust
f522ce65-50a9-4119-9d49-57c32dea58f7,1187.117369,1595.01,30.0,1920.0,1440.0,bristol
f52ff936-bd41-46f0-a1c2-44eb5dd6e575,761.125706,5290.36,30.0,1440.0,1080.0,iiith
f5449610-c326-452c-a769-04a7ffeacb7d,348.632931,3623.5,30.0,1440.0,1080.0,iiith
f54b6137-abc1-4b2d-b009-c1d6c1a97974,36.694888,63.55,30.0,1920.0,1440.0,utokyo
f54fd12b-d439-4f3c-9d0c-293336dd33b1,440.517607,679.47,30.0,1440.0,1080.0,unict
f576f1bf-5433-488b-8833-8320f087e72b,1951.388348,1305.29,30.0,1920.0,1440.0,bristol
f5778003-9aea-4ca0-9398-69299ba0331c,57.079135,175.67,30.0,1920.0,1440.0,cmu
f5857720-fc05-4f0b-a432-d2517f5e04f0,124.899689,1596.27,30.0,1440.0,1080.0,kaust
f5899434-95bc-4cd3-bd42-b8464fbf3d9c,129.219045,326.53,30.0,1440.0,1080.0,unict
f5ac654b-8f39-427b-856f-4a9a2d4a3020,180.553763,377.0,30.0,1920.0,1080.0,minnesota
f5b4a5d0-06d8-4484-926a-1a64a664a4c6,354.276537,923.67,30.0,1920.0,1080.0,minnesota
f5b87541-3879-444f-be65-2b17f1d95735,1120.040357,2068.6,30.0,1920.0,1440.0,bristol
f5be7dbd-084b-426d-9c06-a1302f5554ee,30.863832,109.2,30.0,1440.0,1080.0,iiith
f5bf2f21-9c7f-4eb1-9573-50e3dc4c84e1,2710.589002,4298.02,30.0,1440.0,1080.0,iiith
f5c456b2-b998-4f42-82bd-786833fb3891,329.605219,1005.47,30.0,1920.0,1440.0,bristol
f61a6422-1806-43d8-87d6-bc24d9768d9d,804.39987,2167.2,30.0,1920.0,1440.0,bristol
f6277269-1c87-439c-b5be-d4a02343018a,1566.448197,1640.4,30.0,1440.0,1080.0,unict
f62d3060-470f-49b3-9f32-8239a519908c,283.867571,1743.9,30.0,1440.0,1080.0,iiith
f6424236-cd97-49e0-a7d8-9f0670b24536,235.901537,1420.83,30.0,1440.0,1080.0,kaust
f65d6186-b882-42c7-8660-3ceb7d75fc44,3377.560519,5290.36,30.0,1440.0,1080.0,iiith
f681f510-cd33-48e3-bc10-4a8f2a518495,397.161465,827.43,30.0,1920.0,1440.0,cmu
f6a6c5d5-3fe0-42af-9ddb-fa1a63521c0d,452.013541,2676.16,30.0,1440.0,1080.0,iiith
f6adc4c4-49f6-438d-959f-9b9382e0393f,182.47875,1377.73,30.0,1920.0,1080.0,unict
f6c064d9-bcf6-4153-9418-83cc3e181807,502.273712,3874.2,30.0,1440.0,1080.0,kaust
f6da2935-f18d-4ef4-9a50-8890d1cf796a,197.028254,1319.57,30.0,1440.0,1080.0,unict
f6eb8e9b-a925-4112-9eec-32393192e435,879.337873,4466.93,30.0,1440.0,1080.0,kaust
f6fea609-23c4-431c-8ac2-484f334a3a83,1392.726664,1314.95,30.0,1920.0,1440.0,bristol
f71187bc-cead-407d-ad14-62812993b6a3,413.159188,3559.87,30.0,1440.0,1080.0,kaust
f7268471-d166-4596-af48-6faf6d9ee380,797.882126,924.73,30.0,2560.0,1920.0,cmu
f735d4bb-d65e-4965-ac0d-270c0b9e5993,1311.217263,2578.52,30.0,1920.0,1440.0,bristol
f77f437c-4e60-43ef-a5e1-ce3881409455,642.905602,1785.28,30.0,1920.0,1080.0,frl_track_1_public
f7866811-1030-4be5-af61-7f1dd797f36b,447.849969,2771.3,30.0,1440.0,1080.0,iiith
f786bdd6-2d59-432d-8c2e-84482e2032c5,1217.850419,6348.42,30.0,1440.0,1080.0,iiith
f79614b9-8c45-40f4-b1f3-a9f44428498e,11.316423,88.3,30.0,1440.0,1080.0,unict
f7a0beb6-b220-40c0-a72d-ec4b79134a73,158.267318,1239.17,30.0,1440.0,1080.0,unict
f7aec252-bd4f-4696-8de5-ef7b871e2194,189.205999,1683.31,30.0,1440.0,1080.0,unict
f7d3c5ff-d44f-4502-b2ec-7558f59f1e40,26.060604,43.33,30.0,1920.0,1440.0,cmu
f7d8b7d8-be63-442d-8c5c-61c4034ba11d,37.733931,113.79,30.0,1440.0,1080.0,iiith
f7d99eca-11d5-4d45-8d60-695c3cb2f07c,206.264259,1766.11,30.0,1440.0,1080.0,iiith
f7f7d2ae-5d75-4447-934d-1573f95b8f81,518.414996,1726.19,30.0,1920.0,1440.0,bristol
f809c446-c3f0-4974-afed-270c12df12a4,736.793177,4902.17,30.0,1440.0,1080.0,kaust
f8336f3f-b0cc-412e-b934-8645ccb3d0cc,51.325154,138.3,30.0,1920.0,1440.0,utokyo
f83ec443-7495-4d47-b99a-88d2056cf662,406.065977,2706.63,30.0,1440.0,1080.0,kaust
f8514af9-61ce-49d9-9628-fbc0bcc736f9,614.623132,1401.32,30.0,1920.0,1080.0,unict
f85618c4-6e3d-451e-be44-d8f854526963,239.542769,708.01,30.0,1920.0,1440.0,utokyo
f86bc76c-355d-4863-8e5f-24429d8bd8c5,638.274328,1867.09,30.0,1920.0,1080.0,frl_track_1_public
f86e10e3-ba23-4b1b-8964-82876eed5863,276.347299,555.7,30.0,2560.0,1920.0,cmu_africa
f88c7f52-dfb9-4a17-ac15-f3ec05de4f85,1127.006255,974.83,30.0,1440.0,1080.0,unict
f8945922-b433-4f9a-a652-b9e4e1499add,605.30254,1063.13,30.0,2560.0,1920.0,cmu
f89bdeab-5106-4c0c-91b6-ed010120bf18,1181.495078,1948.8,30.0,1920.0,1080.0,bristol
f89e52da-01ee-4773-95ca-e8a5431ccd65,420.795378,1888.23,30.0,1920.0,1080.0,nus
f8cbac27-db1d-4be2-85d5-5af602246f61,236.824743,830.57,30.0,1920.0,1440.0,cmu
f938bcd9-bf30-4dfb-9a99-d6b9ee53c046,72.604222,436.95,30.0,1920.0,1080.0,unict
f93bf4f8-08d1-4f94-8b5f-92fdd6b37e30,647.080082,1542.6,30.0,1440.0,1080.0,unict
f96161b8-7580-4352-a8f9-1285bd2b9ea2,296.457306,708.03,30.0,1920.0,1440.0,utokyo
f97b9bb6-9afc-4743-899f-bfe483e88d97,1404.293699,1427.43,30.0,1920.0,1440.0,bristol
f9a49dfd-e6f1-4827-9903-73a562ab32cd,3168.319477,1283.63,30.0,2560.0,1920.0,cmu
f9a98d72-b5f1-4840-9093-d351586269c0,761.744305,4624.9,30.0,1920.0,1440.0,bristol
f9b214ac-cb2c-4a1e-b6f1-518293398e35,141.466033,1097.73,30.0,1440.0,1080.0,kaust
f9c337af-fdf9-4737-b4c2-c5f68cd18d6a,3535.362646,6845.83,30.0,1920.0,1080.0,uniandes
f9ce56a3-3e9b-4edd-b133-c05eed792ec0,460.150875,2304.67,30.0,1440.0,1080.0,kaust
f9d6b7d1-5886-4189-8f71-69e6130fa49e,103.77648,371.77,30.0,1920.0,1080.0,minnesota
f9dc40d3-f7ab-48b9-a203-e562be722c44,135.230635,1529.55,30.0,1440.0,1080.0,unict
f9e79614-ecd5-4ab4-9966-a0824ededee8,5.642158,79.1,30.0,1440.0,1080.0,unict
f9ee14ba-828c-44dc-9071-e972cf2315c2,96.491916,392.06,30.0,1440.0,1080.0,kaust
fa21a282-6099-45cd-a4a7-39daf7973ec0,640.725194,1786.47,30.0,1920.0,1440.0,bristol
fa245b77-6fe0-4a52-9ae1-1fcac8b9a7aa,283.34079,708.03,30.0,1920.0,1440.0,utokyo
fa2f1291-3796-41a6-8f7b-6e7c1491b9b2,138.420405,622.17,30.0,1440.0,1080.0,unict
fa35a547-13b5-4355-873c-322c1860349a,714.171818,1800.13,30.0,1920.0,1080.0,minnesota
fa53388f-58ab-41a8-9f0d-55407cae3973,455.280081,1302.98,30.0,1920.0,1080.0,frl_track_1_public
fa6e5f70-d4d9-49a7-9d74-d19bf127df55,103.262662,455.75,30.0,1920.0,1440.0,bristol
fa832aed-1016-467a-93ef-bacf176178f1,686.352891,1279.11,30.0,1920.0,1440.0,bristol
fa8a5802-fc36-488d-b646-9831f6afeea5,668.098193,1708.77,30.0,1440.0,1080.0,unict
fac12c04-2d7a-4d3a-91da-f3bdbd15af89,178.020967,1211.27,30.0,1440.0,1080.0,iiith
fb5ca588-ca6d-48f4-b906-050c80363225,77.387059,345.49,30.0,1440.0,1080.0,iiith
fb5ea36d-8164-40cd-b786-dd1e70b985d4,28.631403,113.45,30.0,1440.0,1080.0,iiith
fb7cc35d-3272-44a4-b8f2-15cd24fa345b,419.507,2007.87,30.0,1440.0,1080.0,kaust
fb9e3ced-f2d6-46fa-9e8e-a60579e00911,94.425327,490.33,30.0,1440.0,1080.0,unict
fbaa9e09-62c9-460a-b44b-d1db9e5f4039,278.643488,885.05,30.0,1920.0,1440.0,bristol
fbb89f93-2922-49ac-b127-dd20711deff2,835.028132,1998.16,30.0,1920.0,1440.0,bristol
fbbc72ed-e55f-4c01-998c-4c573136614d,1779.411349,702.73,30.0,2560.0,1920.0,cmu
fc18a064-b1d9-485d-8c19-a3151dcf5bc8,720.965409,3902.73,30.0,1440.0,1080.0,kaust
fc1a0579-6377-4d5a-b2f4-7d25643b5c24,1193.309508,2527.47,30.0,2560.0,1920.0,cmu
fc4d071a-714e-40f7-b77e-e0d448bf082e,42.170384,61.83,30.0,2560.0,1920.0,cmu
fc517ef5-572c-43ee-9e43-6fdd6f6d5768,1228.21006,270.57,30.0,1920.0,1440.0,cmu
fc8cd995-ae0f-43a8-96e1-9d3e1d7c29ce,354.085368,2204.3,30.0,1440.0,1080.0,kaust
fc9824ed-63c1-4844-a80a-2c223d4ff7c1,4044.034845,2508.47,30.0,1920.0,1440.0,bristol
fc996b6b-f855-4b68-8b17-fd8b44f5380e,519.84027,136.13,30.0,2560.0,1920.0,cmu
fca39e16-1963-4910-9d23-2614be6c938a,185.491087,1593.67,30.0,1440.0,1080.0,kaust
fcc14fe4-35e1-4854-b368-4541ae7bcf58,1067.801086,2471.3,30.0,1440.0,1080.0,kaust
fcc1b592-f210-4e4a-a2e4-2dd811ae9b2b,471.838153,943.7,30.0,1920.0,1440.0,bristol
fd0530f4-93da-450c-8e6e-98bc16803e45,429.377467,1799.43,30.0,2560.0,1920.0,cmu
fd06094f-8e2f-414c-9f66-3c99cd14a151,124.392848,6741.0,30.0,1440.0,1080.0,iiith
fd0839c6-2472-4e23-a69f-31e2f62c2c95,266.298001,532.03,30.0,1920.0,1440.0,bristol
fd0e10cd-80ea-4cd1-babe-e6570601b00b,72.796949,177.13,30.0,1440.0,1080.0,unict
fd21e009-c5d8-4d48-8349-d547c15d6d7b,33.887018,171.78,30.0,1440.0,1080.0,kaust
fd344164-fa5f-4ce1-bf0c-40319056cc32,816.753944,5051.57,30.0,1440.0,1080.0,kaust
fd5a127e-d587-44e3-b4cd-b8d88e7b7fa4,72.874893,183.5,30.0,1440.0,1080.0,unict
fd7ee0b6-e7a1-40ff-9831-c80acf4e827c,889.474672,1500.0,30.0,1920.0,1080.0,minnesota
fdbe0fbc-90a3-41b9-8898-a0c7ce3f966c,1524.143661,1800.13,30.0,1920.0,1080.0,minnesota
fdcdf464-a350-452d-9741-f6725e138192,210.403673,465.4,30.0,1440.0,1080.0,unict
fdd675e0-ea8e-441a-96c3-d4600db830b5,359.056106,789.7,30.0,1920.0,1080.0,minnesota
fdf36515-a08a-4575-9a79-65d0ec260cc7,199.523329,1202.27,30.0,1920.0,1440.0,bristol
fe058f9c-d653-488f-897e-125040d12cf6,104.963414,813.33,30.0,1440.0,1080.0,kaust
fe452f9c-d389-4f2a-82e8-ee87d6ee94a9,200.883279,397.83,30.0,2560.0,1920.0,cmu_africa
fe4ee880-6cae-4f62-9d4b-fda767dda6bf,129.044256,677.97,30.0,1440.0,1080.0,kaust
fe6d1a78-c9bd-4570-8cce-0b9fccd219b9,800.708411,1796.54,30.0,1920.0,1080.0,nus
fe798a1c-858b-4ab6-9c34-59bfe3cc6794,737.298662,1874.97,30.0,1440.0,1080.0,unict
fe827643-62c3-4cb9-b009-7ed43731c9bd,605.675416,677.13,30.0,1920.0,1080.0,minnesota
fea524d4-a1b6-466c-ac48-8777c3fd173d,174.282149,766.44,30.0,1440.0,1080.0,iiith
fec55104-c8e2-4eae-93dc-26e5a929259e,1168.360954,1967.7,30.0,1920.0,1080.0,bristol
ff15140a-4747-4c45-b95f-ff2bd36ef178,1146.45312,1265.73,30.0,1920.0,1080.0,minnesota
ff46d5f7-ef0d-4dea-b121-c04ca6ba5a42,13.440465,87.97,30.0,1440.0,1080.0,kaust
ff5beacb-d664-4865-97f7-da85bee16872,49.157873,191.9,30.0,1440.0,1080.0,unict
ff8897f5-55e6-430b-8ea0-336d654a09e9,379.602871,753.63,30.0,1920.0,1080.0,minnesota
ff8a5283-bf6e-40ef-b662-c91216d24c0d,532.628535,4589.52,30.0,1440.0,1080.0,unict
ff8d268d-5151-4a45-a4d9-821ea12f745b,2966.585503,5489.33,30.0,1440.0,1080.0,iiith
ff90b2a6-48ec-4116-b171-96ba8d61caf8,33.561876,154.56,30.0,1440.0,1080.0,iiith
ffb6dfc1-d2f9-45b1-8e25-2c7d0f32d635,586.705903,1654.3,30.0,1440.0,1080.0,unict
ffb7ecf6-f44e-499b-b315-a4aeabf3578c,4577.206736,5568.78,30.0,1440.0,1080.0,iiith
ffd863cb-f06b-404e-a013-54acb61f1ed9,262.971134,708.03,30.0,1920.0,1440.0,utokyo
ffdb7654-1b86-4cc6-9453-834bbe3361aa,68.823491,599.37,30.0,2560.0,1920.0,cmu_africa
grp-056220c6-3c5c-419d-87b2-286e8a3c0706,553.403223,1473.62,30.0,,,utokyo
grp-056db3f1-f957-46c8-b16b-c8fce22e78f9,516.244561,1157.3,30.0,,,utokyo
grp-0869732c-5228-4a28-9c5a-467a5ebef78c,863.67719,1771.7,30.0,,,utokyo
grp-090c6bc0-49da-4d3b-b209-a1a60aeb0317,1241.864069,2304.67,30.0,,,utokyo
grp-09a00c95-fce3-41d7-ab1c-a19692eea8f3,580.714565,1165.63,30.0,,,utokyo
grp-0b215326-8706-4611-9b76-3402d617f19e,1044.828949,1679.83,30.0,,,utokyo
grp-0cf6e8bd-48a6-4764-9367-c59603a00e4e,1147.288454,1504.02,30.0,,,utokyo
grp-0d32d3bd-bfc8-4631-9002-7ffd97e4d65f,804.246282,1125.3,30.0,,,utokyo
grp-0eb88d90-6da1-4957-bc4f-1ced804cd7ce,351.835578,902.24,30.0,,,utokyo
grp-0ee8d0ef-c5ba-42c5-9c40-8718faa081ec,2467.705525,2797.73,30.0,,,utokyo
grp-10358e57-51f9-4db5-903e-11529bdde9a6,634.673668,1268.88,30.0,,,utokyo
grp-1982af6d-8f53-43a5-b81a-cda5a8099e6e,174.163816,280.505,30.0,,,utokyo
grp-19fed6e1-5a0b-4042-9d6e-bb606936cb50,540.311845,1049.25,30.0,,,utokyo
grp-1a9bb53f-01ae-4bd7-afa3-a92570679a7a,1141.783978,1955.55,30.0,,,utokyo
grp-1f65c1a4-00a1-49fb-a7bf-91b70c606316,837.94173,1891.59,30.0,,,utokyo
grp-1f6e01ad-350e-4665-b094-dbff31d0460d,342.803484,806.496,30.0,,,utokyo
grp-1f9c087f-0d2e-424a-8f90-d5402d639fb8,924.061855,1588.48,30.0,,,utokyo
grp-20b27403-1876-4fe6-8acc-d319622f3758,498.364102,1249.97,30.0,,,utokyo
grp-20bdff17-7831-4982-a4d2-705697c49b42,763.229933,1377.8,30.0,,,utokyo
grp-217b513e-ce31-4118-875d-51393db09cfe,1056.744211,2118.69,30.0,,,utokyo
grp-21d4012a-bc29-46ac-a2d0-d2ba504a2f83,1012.656473,1547.18,30.0,,,utokyo
grp-229e8124-605e-4c86-b4ac-fc03e0a71111,553.522046,1344.79,30.0,,,utokyo
grp-22db2380-7ca6-4747-ad13-79a1a084bf54,803.03618,897.628,30.0,,,utokyo
grp-2409a5a7-a4ed-4fcb-ad77-024dc20988ca,318.948871,834.166,30.0,,,utokyo
grp-2422d726-0286-48bc-96a6-fe29c45cc409,314.662828,1231.46,30.0,,,utokyo
grp-248c055c-8ee9-42ad-8519-b1e2678c7f1e,770.642107,1664.13,30.0,,,utokyo
grp-27825332-6946-4c1c-9b4f-e4de4f13b718,381.67663,985.227,30.0,,,utokyo
grp-292b2447-407d-45b5-8663-8d92a3f03064,509.237467,983.328,30.0,,,utokyo
grp-2991a3c3-ce12-4fdf-806c-a4c5608c4624,435.416812,1008.29,30.0,,,utokyo
grp-2bccee1b-0ade-47ad-8e15-ad6c00861540,907.414942,2021.14,30.0,,,utokyo
grp-2be0151d-8ee7-4e7a-adf5-6b2b3d5afdb0,662.162092,1301.24,30.0,,,utokyo
grp-2deae04b-c991-425b-b00e-5fd6c0e7f117,720.927339,1504.83,30.0,,,utokyo
grp-304735ba-6bf5-4d39-bcb5-0dabddb11d68,645.361729,1377.29,30.0,,,utokyo
grp-33990a56-b86a-4cac-b6d9-f08d07582765,556.993693,1076.66,30.0,,,utokyo
grp-33b87859-7487-423d-b899-36c84abffd02,975.21207,1779.9,30.0,,,utokyo
grp-342c7d2a-509b-4a35-83d3-0dd14c58a4da,349.610172,730.592,30.0,,,utokyo
grp-344098b8-3b27-4a98-a11d-f18fa5c25a5c,320.585741,756.171,30.0,,,utokyo
grp-3549e738-4cce-492f-a530-e473777e3220,572.98575,1149.92,30.0,,,utokyo
grp-36061570-8403-4cc1-8ea0-1de39853d47b,226.788366,851.851,30.0,,,utokyo
grp-36911f7d-320a-4372-8f8e-5bfb7c1961a9,968.232907,2024.83,30.0,,,utokyo
grp-3ba731dd-156e-419b-80de-c19d4f88aa7d,538.872852,1006.35,30.0,,,utokyo
grp-3d7ccb44-b05d-4b67-baae-4e0f55d8307b,2894.020639,3821.0,30.0,,,utokyo
grp-3ee7070a-fe81-49a9-97a2-902268af9985,725.760394,1362.21,30.0,,,utokyo
grp-3f0286ca-92d7-4366-b510-d3146251d825,573.594903,963.083,30.0,,,utokyo
grp-3f0bd238-228d-4796-a3e4-820308fb04b0,381.724237,1367.66,30.0,,,utokyo
grp-40066fad-8feb-4853-b7f3-63e17053b75c,484.244295,878.923,30.0,,,utokyo
grp-401c588f-907f-4559-b6f7-8180ae6969ec,570.201979,1058.7,30.0,,,utokyo
grp-40d6688c-fc38-4b92-ab7a-62ebfb4d310e,579.55888,801.846,30.0,,,utokyo
grp-415c9b83-b4a1-49ba-832b-f77c2e6f996c,498.606674,752.843,30.0,,,utokyo
grp-42686a5b-10d2-499f-b9a8-8043f528efdd,258.50465,534.827,30.0,,,utokyo
grp-4560e062-ed97-4b52-8719-907cce2ce3b8,1110.891504,1903.13,30.0,,,utokyo
grp-47305621-3729-44cc-8f1f-814faf214c40,308.425157,886.603,30.0,,,utokyo
grp-487f5966-3469-4753-9b44-7899a311d73d,393.303801,1365.88,30.0,,,utokyo
grp-4a36b555-865b-43ad-ba27-cf022521bb6d,603.851055,1104.37,30.0,,,utokyo
grp-5009ae25-4bc5-47c2-b4be-5a94d53539f3,654.860625,1369.42,30.0,,,utokyo
grp-509abfee-b1aa-41a6-8c80-6dc7ce2afd94,688.915815,1280.99,30.0,,,utokyo
grp-50b2fa2f-9d39-4b9c-8e3c-4a4ef0669956,809.497646,1567.45,30.0,,,utokyo
grp-51cb7800-2c5a-473c-86d3-e87f4bc5e65d,1085.452943,1564.42,30.0,,,utokyo
grp-51fc62f8-00f4-44e3-af9c-7ebb63da6c3d,1492.21262,2685.32,30.0,,,utokyo
grp-5251b41e-91b1-4b87-9a18-c631b1d17e2e,1243.111235,1382.35,30.0,,,utokyo
grp-526a15e9-39a2-49a0-ba0b-83da2e276b09,653.892897,1038.39,30.0,,,utokyo
grp-530dd2a8-462c-450b-9f38-1dfff28f139e,1030.762027,1913.32,30.0,,,utokyo
grp-54b8d9c0-c77f-4ccc-bf37-907b228fad09,1019.416784,1416.03,30.0,,,utokyo
grp-578145af-2e9c-4841-a215-4d067ff5057d,805.680515,1348.17,30.0,,,utokyo
grp-5aa3cd50-4925-4a1a-a8d5-2e18af017660,1001.876249,2161.59,30.0,,,utokyo
grp-5b24c19c-0bde-46ce-a32e-418b5ffaa8a3,824.221755,1259.34,30.0,,,utokyo
grp-5b728b4b-d750-4ca3-953b-eb712ddadf07,475.371613,976.16,30.0,,,utokyo
grp-5c00fc7f-e94b-47ac-98bb-a04896fd6092,429.206066,1162.83,30.0,,,utokyo
grp-5c61fe71-1a61-4d21-88f7-00da2b51094f,1261.211501,1830.69,30.0,,,utokyo
grp-5e15c5d1-06b5-408b-bd16-c5e277a2da82,489.925965,885.828,30.0,,,utokyo
grp-6073bebd-0755-428d-a652-63efcdc4f4e5,588.935062,1340.66,30.0,,,utokyo
grp-610b2ed4-3327-4f32-8dca-d4e5c4fd2eb2,939.456568,1647.42,30.0,,,utokyo
grp-6146205c-f045-4368-acc2-a60dc5e1490b,747.269602,1669.29,30.0,,,utokyo
grp-62786c81-614b-4c6e-966b-4541c829b0e7,808.983488,1176.25,30.0,,,utokyo
grp-63932be6-4b53-4390-bf5b-1706282353f9,559.327097,1034.08,30.0,,,utokyo
grp-63f522db-8a30-4eab-a1a1-d4e89c800dd0,414.566483,863.328,30.0,,,utokyo
grp-64246b7f-86c9-4062-a11f-3352fae1fca1,818.646804,1547.35,30.0,,,utokyo
grp-64f466e5-99c9-4ed5-89be-7ef74d0dfdd3,797.644774,2278.62,30.0,,,utokyo
grp-65403036-df60-4ccb-ac72-2808b841665c,424.938593,770.763,30.0,,,utokyo
grp-66a0900b-069d-48bf-9071-f4e659f8a9d0,487.790215,1059.47,30.0,,,utokyo
grp-67759ea1-52a2-45ee-b129-f482532d83df,363.055092,897.099,30.0,,,utokyo
grp-690f58f1-f18c-4415-bab0-787c2f83d051,462.158568,943.584,30.0,,,utokyo
grp-694bb5c8-233d-4bdd-825f-763db7429fbd,480.732924,1062.92,30.0,,,utokyo
grp-69c9d98e-c125-4d24-b180-aea768ef900a,427.033074,1210.42,30.0,,,utokyo
grp-6de30946-5d3a-47a8-b1d0-790937405da3,571.584403,1285.12,30.0,,,utokyo
grp-6fea409b-159e-45cb-8fac-da7779d02309,822.255709,1888.28,30.0,,,utokyo
grp-7124feaf-8255-4bad-b99b-7b2b1fe71d8b,464.161891,974.71,30.0,,,utokyo
grp-719d9e89-4eb2-49ea-be14-dc2637dc303f,808.659424,1814.1,30.0,,,utokyo
grp-72732366-3a3f-44d0-8cba-3c1c0f4659ca,428.165846,986.678,30.0,,,utokyo
grp-72f9c7a5-24b6-4134-85ff-00c0d9910709,779.620937,1235.28,30.0,,,utokyo
grp-74462b79-89be-40c4-8148-e176fc150265,766.096622,1789.15,30.0,,,utokyo
grp-745aef91-750a-48aa-9464-88802a2a7a40,459.667707,710.253,30.0,,,utokyo
grp-77492931-1b87-4d83-a7ae-54f6030b341e,2226.400398,2932.58,30.0,,,utokyo
grp-79f47a60-f1e9-4232-88b8-a1836e7dfd30,918.118033,1193.61,30.0,,,utokyo
grp-7b271797-e305-491d-a4f2-58cf4b1e1456,1390.939903,2494.75,30.0,,,utokyo
grp-7f4225ed-a076-4530-91cf-f3903c5d7637,755.950815,1744.28,30.0,,,utokyo
grp-7f70ae0a-d097-4dda-9afa-318188dfce2d,1098.224444,2352.61,30.0,,,utokyo
grp-7f959a19-7aaa-40f7-8159-726e85aa513b,838.555017,1694.12,30.0,,,utokyo
grp-7fb63b81-0a4f-4e9e-906b-60d1935d53c7,1883.170525,2658.94,30.0,,,utokyo
grp-817e443a-d5a3-4cd4-87ab-95a2dd2a4fab,1223.686749,1749.65,30.0,,,utokyo
grp-81bb7d9f-31c1-4ef6-a4be-12284c641ec6,427.859767,906.976,30.0,,,utokyo
grp-82ace2ff-4a87-4abe-ba45-3965bbc13658,380.805245,789.195,30.0,,,utokyo
grp-8338763a-3f8c-47b1-a6e7-fa3af04cfbf3,751.601662,1788.65,30.0,,,utokyo
grp-84322f50-7fce-4d49-a04b-9ecd7afd4119,624.882293,961.675,30.0,,,utokyo
grp-86b7a8dc-e0ba-4b21-a097-eed463fb2747,749.281885,1590.08,30.0,,,utokyo
grp-87cfce50-3d03-4ffe-b9a7-e94a435175e3,886.06253,1803.31,30.0,,,utokyo
grp-88bae242-7f3a-45d4-b129-5d69b1a1e15a,1232.644797,2381.26,30.0,,,utokyo
grp-8912a138-6c68-424d-8be5-59e0d4f5c173,647.688099,1250.53,30.0,,,utokyo
grp-8aa8a9ce-9ff9-4ff8-a61b-3f6cb999f61a,992.192559,1685.56,30.0,,,utokyo
grp-8b47ac19-7c4f-47d2-b5d0-755b524b66b2,479.016581,1054.39,30.0,,,utokyo
grp-8b9b9816-d6eb-4544-818e-9d59e400b80d,611.364333,1188.41,30.0,,,utokyo
grp-8c309d88-bf71-49f3-9d05-b7a1d84babd4,1054.617986,2387.34,30.0,,,utokyo
grp-8c8e2e9b-2c15-4dac-a4b2-16a3dda1eac4,268.993913,762.571,30.0,,,utokyo
grp-8d206fe8-3270-4176-accb-05ecdf094e3a,1135.695441,1438.4,30.0,,,utokyo
grp-8d30335e-635c-43b6-b1e1-09fa12033416,517.067815,817.718,30.0,,,utokyo
grp-8dadb485-dcb6-4429-b78d-781e6c5aa2a3,574.890926,1114.71,30.0,,,utokyo
grp-8e92e289-96dd-4777-b485-3dd1efb2d757,732.905735,1644.34,30.0,,,utokyo
grp-8eac6789-726f-4d09-a713-b3ce6a45ac21,454.607288,893.579,30.0,,,utokyo
grp-90a0cc01-f498-490a-bda1-01ad94db2946,955.937045,1495.4,30.0,,,utokyo
grp-9239bf0f-db8c-4378-866d-15f302da08b5,251.021461,782.795,30.0,,,utokyo
grp-93d50e4c-0a3b-430a-8267-01fbe5f302f4,279.469642,769.611,30.0,,,utokyo
grp-93ebb042-2544-4554-a07f-f86977d448c9,805.290076,1298.89,30.0,,,utokyo
grp-94cdabf3-c078-4ad4-a3a1-c42c8fc3f4ad,1069.019277,1452.35,30.0,,,utokyo
grp-95710114-4168-47b4-a63e-a4d220b42fcf,1201.76157,2234.66,30.0,,,utokyo
grp-96677cbb-14bc-457a-9dbc-498e3c457f3b,2002.783045,3430.1,30.0,,,utokyo
grp-97f3c1c5-3fc2-4bc8-8956-b6e679ace868,622.722535,1080.8,30.0,,,utokyo
grp-982e2d58-f1a9-444b-9151-756a920dcd9e,936.527722,1905.09,30.0,,,utokyo
grp-99a250b0-a3bd-45de-9fb6-6f9a418dce1a,284.473428,954.955,30.0,,,utokyo
grp-9c5c9efc-608f-4fdf-9c29-2251a451c8f9,645.116608,1162.23,30.0,,,utokyo
grp-9c9a1df7-2423-4e84-8f81-152869f98862,963.472175,1733.69,30.0,,,utokyo
grp-9e4edf4d-e557-4b3d-bc35-0d7f1f91019b,669.267802,1200.27,30.0,,,utokyo
grp-9f28e782-417c-4c8b-a7ae-42fc96a0e94f,560.09517,1271.35,30.0,,,utokyo
grp-a037eb93-9749-4022-8925-471aefb946b5,683.625135,1064.65,30.0,,,utokyo
grp-a3e528b8-dce9-431f-b3ca-b2707f3439d2,910.413445,1420.63,30.0,,,utokyo
grp-a43fbc55-2835-447f-b88f-1ce3d426d790,838.780984,1389.32,30.0,,,utokyo
grp-a6bd7096-ada1-4fe1-a81b-3b7609a39f31,508.939651,898.232,30.0,,,utokyo
grp-a738fe92-4d8e-48db-9c1f-280a7471b5dd,937.061248,2269.83,30.0,,,utokyo
grp-a790b051-6a4a-47d2-ba1c-349a1dd29049,1093.472752,1485.93,30.0,,,utokyo
grp-a82e3cde-345a-4e63-a405-a3c32d4d3314,843.276516,2251.59,30.0,,,utokyo
grp-a8ce8831-58e4-4c84-926e-8f948fc782a7,358.64072,923.872,30.0,,,utokyo
grp-a9b2b5ec-dff3-4154-a34c-a0ec3722495d,701.625786,1047.73,30.0,,,utokyo
grp-a9c519a7-4776-42d6-bcf1-270f0d302843,301.327357,1212.93,30.0,,,utokyo
grp-ab070b36-def2-4ad7-a760-2a9ce29ce505,267.352472,760.779,30.0,,,utokyo
grp-aee01849-0c36-4e61-ad3f-0304ee4ee999,545.526115,1116.21,30.0,,,utokyo
grp-b0c747fb-6126-4d24-8a98-eed8c211834e,1074.74503,2051.17,30.0,,,utokyo
grp-b19ba0e0-c95b-497a-9cf3-151ffa18d099,602.383943,1186.29,30.0,,,utokyo
grp-b1b788b9-5f7f-4f8d-b9eb-951d4bdbbef4,916.162607,2027.08,30.0,,,utokyo
grp-b21c02b1-0ac9-4739-8524-f7b061d92777,618.459194,1238.11,30.0,,,utokyo
grp-b59f7f5d-2991-49a6-8e88-0e2f2db92585,814.593963,1174.07,30.0,,,utokyo
grp-b737cd68-4e0d-440a-9813-a6c90080fac5,445.157963,851.126,30.0,,,utokyo
grp-b93ab731-52c3-43b2-9d99-4229663ba67c,566.575773,1055.31,30.0,,,utokyo
grp-bb9b356a-c038-4214-85dd-9039ab41cffc,1930.00462,2586.08,30.0,,,utokyo
grp-bbd4830e-fad8-4339-8290-eb298cf6ca30,527.410467,1182.22,30.0,,,utokyo
grp-bcb745e1-55a3-41a4-9013-8977a2837737,395.220492,735.542,30.0,,,utokyo
grp-bf74a785-3c6c-4e8a-9c50-45ab3165d030,996.644814,2079.89,30.0,,,utokyo
grp-bfbb0a28-756c-441b-a0a0-de04288fae47,487.869572,2225.35,30.0,,,utokyo
grp-bfd0b75b-25b0-44a3-b1dd-2e8e9c0e9364,764.340457,907.19,30.0,,,utokyo
grp-c05fa645-0673-4a79-b6dc-7854f56f7d06,1239.705241,1717.72,30.0,,,utokyo
grp-c49ec223-bd82-4b3c-b54d-c597dcdef652,2232.224624,2656.65,30.0,,,utokyo
grp-c56e7e04-8787-4df1-98c6-352076f61e53,779.721954,2273.59,30.0,,,utokyo
grp-c56fa4ea-b7e1-4d2c-b1f3-b97bb6fe0c56,340.69621,722.187,30.0,,,utokyo
grp-c7df0fe0-38ac-4fc1-a068-498ed8ac8ad2,525.040265,1023.95,30.0,,,utokyo
grp-c88e94a6-5b9a-49a0-9c8a-1fde00d1f97f,687.408933,1800.63,30.0,,,utokyo
grp-c8e39184-6bf1-48e4-9c62-441b58f6e391,797.455933,1499.65,30.0,,,utokyo
grp-c9d4550d-76d9-47f7-b1e4-916cbef743e5,345.537377,793.398,30.0,,,utokyo
grp-cacb6d38-3451-4223-aa13-7ef58a6573db,552.140994,1034.19,30.0,,,utokyo
grp-cd12361d-4162-4d47-826e-7f0bcd8878a1,1790.822927,3179.46,30.0,,,utokyo
grp-cec778f9-9b54-4b67-b013-116378fd7a85,319.458375,601.33,30.0,,,utokyo
grp-cecd4a27-9e08-4e56-b288-f3eeab2ac8a6,1180.543569,2124.05,30.0,,,utokyo
grp-cfe4d1f3-20c1-45d9-8bd3-5a7a8e7443f4,482.511123,1131.42,30.0,,,utokyo
grp-d0f880bc-bf44-4f85-a8a3-f8798f1a9f5f,624.12182,1089.71,30.0,,,utokyo
grp-d13aa822-29de-428a-bdf4-f4d6ec4a22e0,670.024856,1091.68,30.0,,,utokyo
grp-d250521e-5197-44aa-8baa-2f42b24444d2,358.394594,733.43,30.0,,,utokyo
grp-d59f69bd-8250-4d06-998b-f057f51e6a8f,520.75906,749.792,30.0,,,utokyo
grp-d660366e-4827-4410-a1a2-c95bc7ff4183,581.624807,868.278,30.0,,,utokyo
grp-d7949184-0578-4cc8-ac05-b0c65bdb3d1c,119.808892,740.811,30.0,,,utokyo
grp-d813a821-8cc1-4700-a7a4-d4e6edfed26e,832.703934,2216.15,30.0,,,utokyo
grp-d888b7c1-d5da-4055-9307-b978afc58338,710.341122,1587.99,30.0,,,utokyo
grp-d8f0089b-cac5-41f4-af66-e11d6f54a43c,1001.623369,2124.05,30.0,,,utokyo
grp-dc4afc9e-7a2d-4876-b5cf-fde740582358,1212.223518,1762.28,30.0,,,utokyo
grp-dc7320e9-fc3d-497c-9ba4-fbbb1b28d79d,561.508257,1165.15,30.0,,,utokyo
grp-deb43adb-2e2f-454a-ba4e-811ebfe4eaa2,578.527444,1012.33,30.0,,,utokyo
grp-ded75126-e93d-4cd3-b8f1-6a5e1c6c8e3b,1669.855648,2275.66,30.0,,,utokyo
grp-deea1ad6-01dd-4ea5-b5f0-932b2292bed1,554.441657,1003.19,30.0,,,utokyo
grp-e09ffaab-08c0-46ce-b242-ee029a4306be,578.418183,836.64,30.0,,,utokyo
grp-e191e0de-e570-4925-9cbb-e05fe1132a47,2169.669581,2616.33,30.0,,,utokyo
grp-e19b1be3-8ee9-44cc-ae7d-99a3591ebba5,608.797945,1356.45,30.0,,,utokyo
grp-e230ee03-c90d-426c-91d2-256bdc0a3e68,561.684243,2015.85,30.0,,,utokyo
grp-e3c805ff-3afc-4275-9e4d-b91937aeb642,274.675116,833.696,30.0,,,utokyo
grp-e5fb613b-1c6a-4439-8735-6414a6344c76,410.716648,905.696,30.0,,,utokyo
grp-ea33c0ee-82e7-4c65-adf1-dbbd9fc83d9b,1105.586898,1414.58,30.0,,,utokyo
grp-ea9fd82b-ed6e-4f64-b166-a994e392fef2,575.604569,1145.33,30.0,,,utokyo
grp-eb6422b1-c6da-4aff-bc62-189131fa8a96,1639.140185,2970.59,30.0,,,utokyo
grp-ebce88dd-4852-4506-9dcc-5f5798ce1cbf,1159.336214,1735.8,30.0,,,utokyo
grp-ece7309f-9e11-4cd0-93e7-e5bcf38eb78b,220.789426,1250.91,30.0,,,utokyo
grp-ed22d86f-992b-4df9-8847-15134f19fe0d,524.804973,1013.81,30.0,,,utokyo
grp-ee401f80-7732-4f67-a9bb-0c1e58b40b84,1210.129196,1723.88,30.0,,,utokyo
grp-ef725741-fe17-4bd2-ad6e-aba3e9468fd5,507.115448,936.267,30.0,,,utokyo
grp-f07d4739-4296-4164-b62b-68729f994451,606.366641,1122.78,30.0,,,utokyo
grp-f248a4aa-dd14-42fb-91fc-ec9f6bc16f20,381.727968,843.872,30.0,,,utokyo
grp-f2a21887-5802-48aa-b10e-5b050a30ab83,669.85954,1360.29,30.0,,,utokyo
grp-f30e01bb-e8f1-42d2-922c-aa7b66da9035,539.027997,907.254,30.0,,,utokyo
grp-f362408a-1ef0-4766-9f73-cac3f663773f,656.30657,1885.85,30.0,,,utokyo
grp-f3869c7d-ba5a-4506-90c3-564bb81a4785,537.83175,1170.65,30.0,,,utokyo
grp-f6a0d8f5-468d-4e47-bfca-e7d13b75f26d,781.622519,1226.21,30.0,,,utokyo
grp-f7b7c31e-cfdb-4029-b850-9f7ba98e42c2,979.333344,1950.77,30.0,,,utokyo
grp-fc70c4fe-13e1-4691-ab97-501a22b3a71e,546.651705,999.819,30.0,,,utokyo
grp-ffd863cb-f06b-404e-a013-54acb61f1ed9,502.656353,1145.85,30.0,,,utokyo
